state,district,year,crimes_assault,crimes_property,population,assault_per_1000,property_per_1000
Johor,Batu Pahat,2016,160.0,621.0,,,
Johor,Batu Pahat,2017,123.0,558.0,,,
Johor,Batu Pahat,2018,104.0,584.0,,,
Johor,Batu Pahat,2019,139.0,524.0,,,
Johor,Batu Pahat,2020,127.0,415.0,495.3,0.2564102564102564,0.8378760347264284
Johor,Batu Pahat,2021,60.0,200.0,497.2,0.12067578439259856,0.4022526146419952
Johor,Batu Pahat,2022,52.0,262.0,497.5,0.10452261306532663,0.5266331658291458
Johor,Batu Pahat,2023,88.0,285.0,504.0,0.1746031746031746,0.5654761904761905
Johor,Johor Bahru,2016,1971.0,6746.0,,,
Johor,Johor Bahru,2017,1817.0,5463.0,,,
Johor,Johor Bahru,2018,1155.0,5327.0,,,
Johor,Johor Bahru,2019,1208.0,4972.0,,,
Johor,Johor Bahru,2020,765.0,3681.0,1711.2,0.447054698457223,2.1511220196353436
Johor,Johor Bahru,2021,543.0,2053.0,1715.4,0.31654424623994404,1.1968054098169523
Johor,Johor Bahru,2022,575.0,2092.0,1723.7,0.33358473052155246,1.213668271741022
Johor,Johor Bahru,2023,706.0,2386.0,1761.6,0.400772025431426,1.3544504995458675
Johor,Kluang,2016,156.0,526.0,,,
Johor,Kluang,2017,117.0,535.0,,,
Johor,Kluang,2018,125.0,477.0,,,
Johor,Kluang,2019,127.0,458.0,,,
Johor,Kluang,2020,113.0,404.0,323.8,0.34898085237801113,1.2476837554045708
Johor,Kluang,2021,80.0,221.0,325.3,0.24592683676606208,0.6793728865662465
Johor,Kluang,2022,66.0,204.0,323.5,0.20401854714064915,0.6306027820710973
Johor,Kluang,2023,70.0,294.0,328.7,0.21296014602981442,0.8944326133252206
Johor,Kota Tinggi,2016,109.0,456.0,,,
Johor,Kota Tinggi,2017,89.0,494.0,,,
Johor,Kota Tinggi,2018,67.0,475.0,,,
Johor,Kota Tinggi,2019,70.0,401.0,,,
Johor,Kota Tinggi,2020,72.0,368.0,222.4,0.3237410071942446,1.6546762589928057
Johor,Kota Tinggi,2021,37.0,186.0,223.6,0.16547406082289803,0.8318425760286225
Johor,Kota Tinggi,2022,40.0,169.0,224.9,0.17785682525566918,0.7514450867052023
Johor,Kota Tinggi,2023,41.0,209.0,229.3,0.17880505887483644,0.9114696903619711
Johor,Kulai,2016,156.0,617.0,,,
Johor,Kulai,2017,209.0,563.0,,,
Johor,Kulai,2018,202.0,547.0,,,
Johor,Kulai,2019,143.0,543.0,,,
Johor,Kulai,2020,78.0,297.0,329.5,0.23672230652503792,0.9013657056145675
Johor,Kulai,2021,66.0,214.0,328.2,0.20109689213893966,0.6520414381474711
Johor,Kulai,2022,79.0,216.0,329.2,0.2399756986634265,0.6561360874848117
Johor,Kulai,2023,86.0,211.0,340.3,0.2527181898325007,0.6200411401704379
Johor,Mersing,2016,42.0,112.0,,,
Johor,Mersing,2017,31.0,120.0,,,
Johor,Mersing,2018,29.0,100.0,,,
Johor,Mersing,2019,33.0,109.0,,,
Johor,Mersing,2020,34.0,72.0,78.2,0.43478260869565216,0.9207161125319693
Johor,Mersing,2021,21.0,73.0,78.8,0.26649746192893403,0.9263959390862945
Johor,Mersing,2022,17.0,68.0,79.1,0.21491782553729458,0.8596713021491783
Johor,Mersing,2023,24.0,63.0,80.1,0.299625468164794,0.7865168539325843
Johor,Muar,2016,56.0,298.0,,,
Johor,Muar,2017,64.0,234.0,,,
Johor,Muar,2018,49.0,247.0,,,
Johor,Muar,2019,71.0,235.0,,,
Johor,Muar,2020,59.0,210.0,314.8,0.187420584498094,0.6670902160101652
Johor,Muar,2021,42.0,171.0,315.8,0.13299556681443953,0.5414819506016466
Johor,Muar,2022,51.0,171.0,314.0,0.1624203821656051,0.5445859872611465
Johor,Muar,2023,96.0,236.0,318.7,0.30122372136805775,0.7405083150298086
Johor,Pontian,2016,63.0,230.0,,,
Johor,Pontian,2017,39.0,247.0,,,
Johor,Pontian,2018,55.0,228.0,,,
Johor,Pontian,2019,41.0,235.0,,,
Johor,Pontian,2020,46.0,144.0,173.3,0.2654356607039815,0.8309290248124639
Johor,Pontian,2021,29.0,86.0,174.2,0.16647531572904709,0.4936854190585534
Johor,Pontian,2022,18.0,105.0,173.6,0.10368663594470047,0.6048387096774194
Johor,Pontian,2023,49.0,181.0,175.8,0.2787258248009101,1.029579067121729
Johor,Segamat,2016,57.0,295.0,,,
Johor,Segamat,2017,45.0,325.0,,,
Johor,Segamat,2018,61.0,299.0,,,
Johor,Segamat,2019,70.0,275.0,,,
Johor,Segamat,2020,56.0,231.0,197.8,0.2831142568250758,1.1678463094034377
Johor,Segamat,2021,33.0,165.0,197.4,0.16717325227963525,0.8358662613981762
Johor,Segamat,2022,52.0,124.0,198.2,0.2623612512613522,0.6256306760847629
Johor,Segamat,2023,44.0,138.0,201.6,0.21825396825396826,0.6845238095238095
Johor,Tangkak,2016,50.0,220.0,,,
Johor,Tangkak,2017,44.0,190.0,,,
Johor,Tangkak,2018,33.0,174.0,,,
Johor,Tangkak,2019,21.0,195.0,,,
Johor,Tangkak,2020,34.0,144.0,163.4,0.20807833537331702,0.8812729498164015
Johor,Tangkak,2021,14.0,71.0,164.0,0.08536585365853659,0.4329268292682927
Johor,Tangkak,2022,23.0,78.0,164.6,0.13973268529769137,0.4738760631834751
Johor,Tangkak,2023,24.0,99.0,167.1,0.1436265709156194,0.59245960502693
Kedah,Baling,2016,69.0,351.0,,,
Kedah,Baling,2017,65.0,255.0,,,
Kedah,Baling,2018,55.0,281.0,,,
Kedah,Baling,2019,36.0,270.0,,,
Kedah,Baling,2020,27.0,186.0,142.6,0.18934081346423562,1.3043478260869565
Kedah,Baling,2021,43.0,165.0,144.2,0.2981969486823856,1.144244105409154
Kedah,Baling,2022,47.0,268.0,144.9,0.3243616287094548,1.849551414768806
Kedah,Baling,2023,35.0,257.0,146.7,0.23858214042263123,1.7518745739604638
Kedah,Kota Setar,2016,343.0,1649.0,,,
Kedah,Kota Setar,2017,165.0,1387.0,,,
Kedah,Kota Setar,2018,196.0,1211.0,,,
Kedah,Kota Setar,2019,181.0,1107.0,,,
Kedah,Kota Setar,2020,130.0,804.0,423.90000000000003,0.3066761028544468,1.8966737438075016
Kedah,Kota Setar,2021,175.0,750.0,426.3,0.41050903119868637,1.7593244194229416
Kedah,Kota Setar,2022,215.0,990.0,426.8,0.5037488284910965,2.319587628865979
Kedah,Kota Setar,2023,165.0,1008.0,429.8,0.3838994881340158,2.3452768729641695
Kedah,Kuala Muda/Yan,2016,385.0,1817.0,,,
Kedah,Kuala Muda/Yan,2017,389.0,1828.0,,,
Kedah,Kuala Muda/Yan,2018,384.0,1744.0,,,
Kedah,Kuala Muda/Yan,2019,337.0,1600.0,,,
Kedah,Kuala Muda/Yan,2020,215.0,1145.0,618.4,0.3476714100905563,1.8515523932729625
Kedah,Kuala Muda/Yan,2021,208.0,1059.0,619.9,0.33553798999838685,1.708340054847556
Kedah,Kuala Muda/Yan,2022,227.0,1136.0,624.3,0.36360724010892204,1.8196379945539005
Kedah,Kuala Muda/Yan,2023,163.0,1251.0,634.5999999999999,0.25685471162937284,1.971320516861015
Kedah,Kubang Pasu,2016,118.0,674.0,,,
Kedah,Kubang Pasu,2017,92.0,673.0,,,
Kedah,Kubang Pasu,2018,93.0,501.0,,,
Kedah,Kubang Pasu,2019,96.0,405.0,,,
Kedah,Kubang Pasu,2020,71.0,347.0,237.8,0.29857022708158115,1.4592094196804037
Kedah,Kubang Pasu,2021,46.0,248.0,248.7,0.18496180136710896,0.9971853638922397
Kedah,Kubang Pasu,2022,86.0,332.0,249.7,0.3444132959551462,1.329595514617541
Kedah,Kubang Pasu,2023,74.0,329.0,251.5,0.294234592445328,1.3081510934393639
Kedah,Kulim/Bandar Baharu,2016,169.0,961.0,,,
Kedah,Kulim/Bandar Baharu,2017,182.0,904.0,,,
Kedah,Kulim/Bandar Baharu,2018,146.0,778.0,,,
Kedah,Kulim/Bandar Baharu,2019,142.0,642.0,,,
Kedah,Kulim/Bandar Baharu,2020,120.0,430.0,382.09999999999997,0.3140539125883277,1.1253598534415075
Kedah,Kulim/Bandar Baharu,2021,148.0,428.0,383.4,0.386019822639541,1.1163275952008347
Kedah,Kulim/Bandar Baharu,2022,200.0,539.0,386.0,0.5181347150259067,1.3963730569948187
Kedah,Kulim/Bandar Baharu,2023,172.0,494.0,391.5,0.4393358876117497,1.2618135376756066
Kedah,Langkawi,2016,59.0,388.0,,,
Kedah,Langkawi,2017,42.0,353.0,,,
Kedah,Langkawi,2018,54.0,355.0,,,
Kedah,Langkawi,2019,72.0,338.0,,,
Kedah,Langkawi,2020,56.0,269.0,94.1,0.5951115834218916,2.858660998937301
Kedah,Langkawi,2021,46.0,216.0,95.1,0.4837013669821241,2.271293375394322
Kedah,Langkawi,2022,43.0,200.0,96.4,0.446058091286307,2.0746887966804977
Kedah,Langkawi,2023,44.0,200.0,98.0,0.4489795918367347,2.0408163265306123
Kedah,Padang Terap,2016,26.0,81.0,,,
Kedah,Padang Terap,2017,21.0,100.0,,,
Kedah,Padang Terap,2018,26.0,90.0,,,
Kedah,Padang Terap,2019,28.0,69.0,,,
Kedah,Padang Terap,2020,15.0,60.0,65.7,0.228310502283105,0.91324200913242
Kedah,Padang Terap,2021,23.0,57.0,66.4,0.3463855421686747,0.8584337349397589
Kedah,Padang Terap,2022,34.0,74.0,66.5,0.5112781954887218,1.112781954887218
Kedah,Padang Terap,2023,25.0,96.0,67.1,0.37257824143070045,1.4307004470938898
Kedah,Pendang,2016,50.0,194.0,,,
Kedah,Pendang,2017,29.0,208.0,,,
Kedah,Pendang,2018,29.0,208.0,,,
Kedah,Pendang,2019,40.0,192.0,,,
Kedah,Pendang,2020,36.0,178.0,98.9,0.36400404448938317,1.7997977755308392
Kedah,Pendang,2021,35.0,118.0,99.3,0.35246727089627394,1.188318227593152
Kedah,Pendang,2022,31.0,175.0,99.8,0.31062124248497,1.7535070140280562
Kedah,Pendang,2023,36.0,165.0,100.7,0.3574975173783515,1.6385302879841113
Kedah,Sik,2016,20.0,86.0,,,
Kedah,Sik,2017,11.0,55.0,,,
Kedah,Sik,2018,6.0,64.0,,,
Kedah,Sik,2019,5.0,55.0,,,
Kedah,Sik,2020,4.0,38.0,67.9,0.0589101620029455,0.5596465390279822
Kedah,Sik,2021,10.0,26.0,68.3,0.14641288433382138,0.3806734992679356
Kedah,Sik,2022,10.0,44.0,68.6,0.1457725947521866,0.641399416909621
Kedah,Sik,2023,6.0,47.0,69.3,0.08658008658008659,0.6782106782106783
Kelantan,Bachok,2016,85.0,290.0,,,
Kelantan,Bachok,2017,56.0,253.0,,,
Kelantan,Bachok,2018,41.0,217.0,,,
Kelantan,Bachok,2019,42.0,200.0,,,
Kelantan,Bachok,2020,48.0,156.0,157.3,0.30514939605848695,0.9917355371900826
Kelantan,Bachok,2021,59.0,147.0,158.9,0.3713027061044682,0.9251101321585903
Kelantan,Bachok,2022,43.0,157.0,160.7,0.2675793403858121,0.9769757311761046
Kelantan,Bachok,2023,33.0,127.0,163.1,0.2023298589822195,0.7786633966891477
Kelantan,Gua Musang,2016,41.0,192.0,,,
Kelantan,Gua Musang,2017,34.0,164.0,,,
Kelantan,Gua Musang,2018,26.0,123.0,,,
Kelantan,Gua Musang,2019,30.0,122.0,,,
Kelantan,Gua Musang,2020,35.0,81.0,112.5,0.3111111111111111,0.72
Kelantan,Gua Musang,2021,29.0,70.0,113.2,0.25618374558303886,0.6183745583038869
Kelantan,Gua Musang,2022,23.0,95.0,114.8,0.20034843205574912,0.8275261324041812
Kelantan,Gua Musang,2023,31.0,85.0,118.3,0.2620456466610313,0.7185122569737955
Kelantan,Jeli,2016,8.0,38.0,,,
Kelantan,Jeli,2017,6.0,43.0,,,
Kelantan,Jeli,2018,9.0,43.0,,,
Kelantan,Jeli,2019,5.0,45.0,,,
Kelantan,Jeli,2020,6.0,32.0,54.7,0.10968921389396709,0.5850091407678245
Kelantan,Jeli,2021,9.0,24.0,55.6,0.1618705035971223,0.4316546762589928
Kelantan,Jeli,2022,11.0,32.0,56.1,0.19607843137254902,0.5704099821746881
Kelantan,Jeli,2023,4.0,40.0,56.9,0.070298769771529,0.70298769771529
Kelantan,Kota Bharu,2016,127.0,1734.0,,,
Kelantan,Kota Bharu,2017,188.0,1812.0,,,
Kelantan,Kota Bharu,2018,168.0,1429.0,,,
Kelantan,Kota Bharu,2019,133.0,1351.0,,,
Kelantan,Kota Bharu,2020,128.0,845.0,555.8,0.23029866858582226,1.5203310543360922
Kelantan,Kota Bharu,2021,106.0,693.0,562.4,0.18847795163584638,1.2322190611664297
Kelantan,Kota Bharu,2022,135.0,715.0,567.5,0.23788546255506607,1.2599118942731278
Kelantan,Kota Bharu,2023,148.0,667.0,575.8,0.257033692254255,1.1583883292810004
Kelantan,Kuala Krai,2016,47.0,209.0,,,
Kelantan,Kuala Krai,2017,44.0,210.0,,,
Kelantan,Kuala Krai,2018,27.0,162.0,,,
Kelantan,Kuala Krai,2019,30.0,134.0,,,
Kelantan,Kuala Krai,2020,30.0,86.0,105.0,0.2857142857142857,0.819047619047619
Kelantan,Kuala Krai,2021,17.0,51.0,105.9,0.16052880075542963,0.4815864022662889
Kelantan,Kuala Krai,2022,24.0,38.0,107.1,0.22408963585434175,0.35480859010270777
Kelantan,Kuala Krai,2023,17.0,46.0,109.4,0.15539305301645337,0.4204753199268738
Kelantan,Machang,2016,22.0,211.0,,,
Kelantan,Machang,2017,38.0,177.0,,,
Kelantan,Machang,2018,29.0,351.0,,,
Kelantan,Machang,2019,19.0,169.0,,,
Kelantan,Machang,2020,30.0,131.0,110.0,0.2727272727272727,1.190909090909091
Kelantan,Machang,2021,20.0,90.0,112.9,0.17714791851195746,0.7971656333038086
Kelantan,Machang,2022,15.0,121.0,113.9,0.13169446883230904,1.0623353819139596
Kelantan,Machang,2023,15.0,91.0,115.3,0.13009540329575023,0.7892454466608847
Kelantan,Pasir Mas,2016,65.0,446.0,,,
Kelantan,Pasir Mas,2017,56.0,426.0,,,
Kelantan,Pasir Mas,2018,51.0,375.0,,,
Kelantan,Pasir Mas,2019,51.0,349.0,,,
Kelantan,Pasir Mas,2020,67.0,148.0,230.4,0.2907986111111111,0.642361111111111
Kelantan,Pasir Mas,2021,66.0,91.0,231.9,0.2846054333764554,0.39241052177662783
Kelantan,Pasir Mas,2022,65.0,103.0,234.2,0.2775405636208369,0.4397950469684031
Kelantan,Pasir Mas,2023,48.0,91.0,237.5,0.20210526315789473,0.3831578947368421
Kelantan,Pasir Puteh,2016,65.0,340.0,,,
Kelantan,Pasir Puteh,2017,61.0,337.0,,,
Kelantan,Pasir Puteh,2018,48.0,342.0,,,
Kelantan,Pasir Puteh,2019,58.0,270.0,,,
Kelantan,Pasir Puteh,2020,68.0,212.0,136.2,0.499265785609398,1.5565345080763584
Kelantan,Pasir Puteh,2021,52.0,171.0,137.4,0.37845705967976706,1.244541484716157
Kelantan,Pasir Puteh,2022,56.0,175.0,138.9,0.40316774658027354,1.2598992080633549
Kelantan,Pasir Puteh,2023,44.0,135.0,141.0,0.3120567375886525,0.9574468085106383
Kelantan,Tanah Merah,2016,34.0,236.0,,,
Kelantan,Tanah Merah,2017,55.0,209.0,,,
Kelantan,Tanah Merah,2018,51.0,165.0,,,
Kelantan,Tanah Merah,2019,39.0,191.0,,,
Kelantan,Tanah Merah,2020,49.0,126.0,150.8,0.3249336870026525,0.8355437665782492
Kelantan,Tanah Merah,2021,37.0,102.0,152.4,0.24278215223097113,0.6692913385826771
Kelantan,Tanah Merah,2022,41.0,149.0,153.7,0.26675341574495776,0.9694209499024073
Kelantan,Tanah Merah,2023,17.0,169.0,156.1,0.10890454836643178,1.08263933376041
Kelantan,Tumpat,2016,49.0,309.0,,,
Kelantan,Tumpat,2017,62.0,289.0,,,
Kelantan,Tumpat,2018,61.0,269.0,,,
Kelantan,Tumpat,2019,63.0,244.0,,,
Kelantan,Tumpat,2020,43.0,210.0,179.9,0.23902167871039465,1.1673151750972763
Kelantan,Tumpat,2021,31.0,152.0,181.7,0.17061089708310404,0.8365437534397359
Kelantan,Tumpat,2022,35.0,173.0,183.7,0.1905280348394121,0.9417528579205227
Kelantan,Tumpat,2023,33.0,153.0,186.5,0.1769436997319035,0.8203753351206434
Kuala Lumpur,Kuala Lumpur,2016,3201.0,12950.0,,,
Kuala Lumpur,Kuala Lumpur,2017,3980.0,9247.0,,,
Kuala Lumpur,Kuala Lumpur,2018,3121.0,8795.0,,,
Kuala Lumpur,Kuala Lumpur,2019,2891.0,8035.0,,,
Kuala Lumpur,Kuala Lumpur,2020,1937.0,6233.0,1982.1,0.9772463548761415,3.1446445688915796
Kuala Lumpur,Kuala Lumpur,2021,1450.0,4635.0,1964.0,0.7382892057026477,2.359979633401222
Kuala Lumpur,Kuala Lumpur,2022,1034.0,3796.0,1961.2,0.5272282276157455,1.935549663471344
Kuala Lumpur,Kuala Lumpur,2023,930.0,3540.0,2005.7,0.46367851622874806,1.7649698359674926
Labuan,Labuan,2016,24.0,192.0,,,
Labuan,Labuan,2017,20.0,184.0,,,
Labuan,Labuan,2018,25.0,241.0,,,
Labuan,Labuan,2019,20.0,232.0,,,
Labuan,Labuan,2020,22.0,163.0,95.1,0.231335436382755,1.7139852786540484
Labuan,Labuan,2021,17.0,124.0,96.0,0.17708333333333334,1.2916666666666667
Labuan,Labuan,2022,24.0,87.0,96.9,0.24767801857585137,0.8978328173374612
Labuan,Labuan,2023,19.0,109.0,99.0,0.1919191919191919,1.101010101010101
Melaka,Alor Gajah,2016,115.0,321.0,,,
Melaka,Alor Gajah,2017,80.0,296.0,,,
Melaka,Alor Gajah,2018,67.0,267.0,,,
Melaka,Alor Gajah,2019,64.0,277.0,,,
Melaka,Alor Gajah,2020,66.0,199.0,249.4,0.2646351242983159,0.7979149959903769
Melaka,Alor Gajah,2021,68.0,181.0,251.0,0.27091633466135456,0.7211155378486056
Melaka,Alor Gajah,2022,55.0,204.0,251.8,0.21842732327243844,0.8101667990468625
Melaka,Alor Gajah,2023,48.0,237.0,256.3,0.1872805306281701,0.92469761997659
Melaka,Jasin,2016,56.0,198.0,,,
Melaka,Jasin,2017,67.0,191.0,,,
Melaka,Jasin,2018,39.0,191.0,,,
Melaka,Jasin,2019,43.0,198.0,,,
Melaka,Jasin,2020,40.0,133.0,151.9,0.26333113890717574,0.8755760368663594
Melaka,Jasin,2021,43.0,119.0,155.9,0.2758178319435535,0.7633098139833226
Melaka,Jasin,2022,40.0,124.0,153.9,0.2599090318388564,0.8057179987004548
Melaka,Jasin,2023,33.0,155.0,154.5,0.21359223300970873,1.0032362459546926
Melaka,Melaka Tengah,2016,983.0,1991.0,,,
Melaka,Melaka Tengah,2017,695.0,1768.0,,,
Melaka,Melaka Tengah,2018,515.0,1721.0,,,
Melaka,Melaka Tengah,2019,353.0,1626.0,,,
Melaka,Melaka Tengah,2020,260.0,1096.0,597.1,0.43543795009211184,1.8355384357729023
Melaka,Melaka Tengah,2021,200.0,699.0,597.7,0.3346160281077463,1.1694830182365734
Melaka,Melaka Tengah,2022,169.0,705.0,602.8,0.2803583278035833,1.1695421366954215
Melaka,Melaka Tengah,2023,229.0,755.0,617.5,0.3708502024291498,1.222672064777328
Negeri Sembilan,Jempol/Jelebu,2016,79.0,278.0,,,
Negeri Sembilan,Jempol/Jelebu,2017,88.0,232.0,,,
Negeri Sembilan,Jempol/Jelebu,2018,64.0,247.0,,,
Negeri Sembilan,Jempol/Jelebu,2019,66.0,211.0,,,
Negeri Sembilan,Jempol/Jelebu,2020,84.0,197.0,173.3,0.4847085978072706,1.1367570686670512
Negeri Sembilan,Jempol/Jelebu,2021,69.0,153.0,172.89999999999998,0.39907460960092545,0.8849045691150955
Negeri Sembilan,Jempol/Jelebu,2022,47.0,173.0,173.89999999999998,0.2702702702702703,0.9948246118458886
Negeri Sembilan,Jempol/Jelebu,2023,62.0,203.0,177.0,0.3502824858757062,1.1468926553672316
Negeri Sembilan,Kuala Pilah,2016,55.0,224.0,,,
Negeri Sembilan,Kuala Pilah,2017,50.0,198.0,,,
Negeri Sembilan,Kuala Pilah,2018,34.0,161.0,,,
Negeri Sembilan,Kuala Pilah,2019,34.0,161.0,,,
Negeri Sembilan,Kuala Pilah,2020,21.0,127.0,70.3,0.29871977240398295,1.806543385490754
Negeri Sembilan,Kuala Pilah,2021,14.0,83.0,70.0,0.2,1.1857142857142857
Negeri Sembilan,Kuala Pilah,2022,14.0,103.0,70.4,0.19886363636363635,1.4630681818181817
Negeri Sembilan,Kuala Pilah,2023,18.0,97.0,71.4,0.25210084033613445,1.3585434173669466
Negeri Sembilan,Port Dickson,2016,110.0,278.0,,,
Negeri Sembilan,Port Dickson,2017,84.0,258.0,,,
Negeri Sembilan,Port Dickson,2018,96.0,290.0,,,
Negeri Sembilan,Port Dickson,2019,80.0,292.0,,,
Negeri Sembilan,Port Dickson,2020,59.0,216.0,128.7,0.4584304584304585,1.6783216783216786
Negeri Sembilan,Port Dickson,2021,45.0,199.0,128.9,0.34910783553141966,1.5438324282389448
Negeri Sembilan,Port Dickson,2022,38.0,180.0,130.1,0.2920830130668717,1.3835511145272867
Negeri Sembilan,Port Dickson,2023,52.0,164.0,132.7,0.39186134137151474,1.2358703843255465
Negeri Sembilan,Rembau,2016,32.0,139.0,,,
Negeri Sembilan,Rembau,2017,16.0,138.0,,,
Negeri Sembilan,Rembau,2018,31.0,127.0,,,
Negeri Sembilan,Rembau,2019,26.0,93.0,,,
Negeri Sembilan,Rembau,2020,19.0,44.0,47.3,0.40169133192389006,0.930232558139535
Negeri Sembilan,Rembau,2021,11.0,49.0,47.4,0.2320675105485232,1.0337552742616034
Negeri Sembilan,Rembau,2022,14.0,45.0,47.8,0.29288702928870297,0.9414225941422595
Negeri Sembilan,Rembau,2023,8.0,56.0,48.5,0.16494845360824742,1.1546391752577319
Negeri Sembilan,Seremban,2016,745.0,2240.0,,,
Negeri Sembilan,Seremban,2017,607.0,2092.0,,,
Negeri Sembilan,Seremban,2018,571.0,1840.0,,,
Negeri Sembilan,Seremban,2019,549.0,1652.0,,,
Negeri Sembilan,Seremban,2020,326.0,1206.0,692.3,0.4708941210457894,1.7420193557706198
Negeri Sembilan,Seremban,2021,271.0,827.0,696.1,0.38931188047694293,1.1880476942967964
Negeri Sembilan,Seremban,2022,247.0,816.0,696.9,0.35442674702252835,1.1708996986655187
Negeri Sembilan,Seremban,2023,267.0,904.0,705.5,0.3784549964564139,1.2813607370659108
Negeri Sembilan,Tampin,2016,63.0,231.0,,,
Negeri Sembilan,Tampin,2017,39.0,171.0,,,
Negeri Sembilan,Tampin,2018,35.0,177.0,,,
Negeri Sembilan,Tampin,2019,23.0,140.0,,,
Negeri Sembilan,Tampin,2020,16.0,116.0,88.1,0.1816118047673099,1.3166855845629968
Negeri Sembilan,Tampin,2021,24.0,90.0,88.8,0.2702702702702703,1.0135135135135136
Negeri Sembilan,Tampin,2022,20.0,87.0,88.8,0.22522522522522523,0.9797297297297297
Negeri Sembilan,Tampin,2023,10.0,54.0,89.8,0.111358574610245,0.6013363028953229
Pahang,Bentong,2016,67.0,332.0,,,
Pahang,Bentong,2017,47.0,280.0,,,
Pahang,Bentong,2018,55.0,481.0,,,
Pahang,Bentong,2019,69.0,455.0,,,
Pahang,Bentong,2020,43.0,235.0,116.8,0.3681506849315069,2.011986301369863
Pahang,Bentong,2021,34.0,133.0,115.7,0.2938634399308557,1.1495246326707
Pahang,Bentong,2022,48.0,188.0,116.7,0.41131105398457585,1.610968294772922
Pahang,Bentong,2023,54.0,192.0,119.6,0.45150501672240806,1.605351170568562
Pahang,Bera,2016,31.0,153.0,,,
Pahang,Bera,2017,40.0,100.0,,,
Pahang,Bera,2018,21.0,109.0,,,
Pahang,Bera,2019,32.0,93.0,,,
Pahang,Bera,2020,24.0,89.0,98.1,0.24464831804281348,0.9072375127421
Pahang,Bera,2021,25.0,91.0,98.0,0.25510204081632654,0.9285714285714286
Pahang,Bera,2022,34.0,93.0,98.9,0.34378159757330634,0.9403437815975733
Pahang,Bera,2023,31.0,89.0,100.1,0.3096903096903097,0.8891108891108892
Pahang,Cameron Highlands,2016,19.0,59.0,,,
Pahang,Cameron Highlands,2017,13.0,63.0,,,
Pahang,Cameron Highlands,2018,23.0,43.0,,,
Pahang,Cameron Highlands,2019,6.0,39.0,,,
Pahang,Cameron Highlands,2020,7.0,29.0,39.0,0.1794871794871795,0.7435897435897436
Pahang,Cameron Highlands,2021,21.0,17.0,38.5,0.5454545454545454,0.44155844155844154
Pahang,Cameron Highlands,2022,15.0,30.0,39.2,0.3826530612244898,0.7653061224489796
Pahang,Cameron Highlands,2023,19.0,31.0,40.9,0.4645476772616137,0.7579462102689487
Pahang,Jerantut,2016,47.0,176.0,,,
Pahang,Jerantut,2017,31.0,162.0,,,
Pahang,Jerantut,2018,35.0,156.0,,,
Pahang,Jerantut,2019,36.0,150.0,,,
Pahang,Jerantut,2020,17.0,108.0,96.0,0.17708333333333334,1.125
Pahang,Jerantut,2021,18.0,98.0,95.9,0.18769551616266944,1.021897810218978
Pahang,Jerantut,2022,29.0,83.0,97.0,0.29896907216494845,0.8556701030927835
Pahang,Jerantut,2023,27.0,91.0,98.6,0.27383367139959436,0.922920892494929
Pahang,Kuantan,2016,257.0,1341.0,,,
Pahang,Kuantan,2017,324.0,1320.0,,,
Pahang,Kuantan,2018,247.0,1313.0,,,
Pahang,Kuantan,2019,257.0,1017.0,,,
Pahang,Kuantan,2020,144.0,745.0,548.0,0.26277372262773724,1.3594890510948905
Pahang,Kuantan,2021,139.0,696.0,554.6,0.25063108546700325,1.2549585286693112
Pahang,Kuantan,2022,112.0,561.0,557.9,0.20075282308657466,1.0055565513532891
Pahang,Kuantan,2023,118.0,483.0,565.8,0.20855425945563805,0.853658536585366
Pahang,Lipis,2016,21.0,115.0,,,
Pahang,Lipis,2017,13.0,112.0,,,
Pahang,Lipis,2018,13.0,104.0,,,
Pahang,Lipis,2019,18.0,89.0,,,
Pahang,Lipis,2020,14.0,73.0,96.6,0.14492753623188406,0.7556935817805384
Pahang,Lipis,2021,15.0,65.0,96.6,0.15527950310559008,0.6728778467908904
Pahang,Lipis,2022,9.0,60.0,97.9,0.09193054136874361,0.6128702757916241
Pahang,Lipis,2023,20.0,58.0,100.1,0.1998001998001998,0.5794205794205795
Pahang,Maran,2016,44.0,219.0,,,
Pahang,Maran,2017,36.0,218.0,,,
Pahang,Maran,2018,35.0,217.0,,,
Pahang,Maran,2019,29.0,212.0,,,
Pahang,Maran,2020,19.0,144.0,112.3,0.16918967052537845,1.282279608192342
Pahang,Maran,2021,28.0,121.0,113.5,0.24669603524229075,1.066079295154185
Pahang,Maran,2022,18.0,107.0,114.7,0.15693112467306014,0.9328683522231909
Pahang,Maran,2023,19.0,111.0,117.0,0.1623931623931624,0.9487179487179487
Pahang,Pekan,2016,19.0,151.0,,,
Pahang,Pekan,2017,33.0,138.0,,,
Pahang,Pekan,2018,27.0,115.0,,,
Pahang,Pekan,2019,21.0,177.0,,,
Pahang,Pekan,2020,21.0,162.0,121.2,0.17326732673267325,1.3366336633663367
Pahang,Pekan,2021,33.0,122.0,122.6,0.26916802610114193,0.9951060358890702
Pahang,Pekan,2022,25.0,84.0,123.5,0.20242914979757085,0.680161943319838
Pahang,Pekan,2023,18.0,80.0,125.9,0.14297061159650515,0.6354249404289118
Pahang,Raub,2016,23.0,94.0,,,
Pahang,Raub,2017,22.0,103.0,,,
Pahang,Raub,2018,26.0,87.0,,,
Pahang,Raub,2019,26.0,83.0,,,
Pahang,Raub,2020,15.0,76.0,96.1,0.15608740894901146,0.7908428720083247
Pahang,Raub,2021,16.0,51.0,96.0,0.16666666666666666,0.53125
Pahang,Raub,2022,25.0,66.0,96.8,0.2582644628099174,0.6818181818181819
Pahang,Raub,2023,21.0,75.0,98.8,0.2125506072874494,0.7591093117408907
Pahang,Rompin,2016,44.0,253.0,,,
Pahang,Rompin,2017,42.0,182.0,,,
Pahang,Rompin,2018,37.0,142.0,,,
Pahang,Rompin,2019,28.0,133.0,,,
Pahang,Rompin,2020,35.0,84.0,98.1,0.35677879714576965,0.8562691131498471
Pahang,Rompin,2021,35.0,100.0,100.6,0.34791252485089463,0.9940357852882704
Pahang,Rompin,2022,36.0,80.0,100.4,0.3585657370517928,0.796812749003984
Pahang,Rompin,2023,34.0,99.0,101.6,0.3346456692913386,0.9744094488188977
Pahang,Temerloh,2016,79.0,233.0,,,
Pahang,Temerloh,2017,55.0,273.0,,,
Pahang,Temerloh,2018,53.0,245.0,,,
Pahang,Temerloh,2019,73.0,228.0,,,
Pahang,Temerloh,2020,66.0,181.0,169.0,0.3905325443786982,1.0710059171597632
Pahang,Temerloh,2021,49.0,149.0,169.4,0.2892561983471074,0.8795749704840614
Pahang,Temerloh,2022,44.0,137.0,171.4,0.25670945157526254,0.7992998833138856
Pahang,Temerloh,2023,48.0,157.0,174.7,0.27475672581568406,0.8986834573554666
Perak,Batang Padang,2016,61.0,140.0,,,
Perak,Batang Padang,2017,50.0,133.0,,,
Perak,Batang Padang,2018,49.0,138.0,,,
Perak,Batang Padang,2019,42.0,136.0,,,
Perak,Batang Padang,2020,37.0,97.0,124.0,0.29838709677419356,0.782258064516129
Perak,Batang Padang,2021,30.0,87.0,126.3,0.23752969121140144,0.6888361045130641
Perak,Batang Padang,2022,21.0,80.0,125.7,0.16706443914081145,0.6364359586316627
Perak,Batang Padang,2023,22.0,135.0,126.2,0.17432646592709983,1.06973058637084
Perak,Hilir Perak,2016,139.0,462.0,,,
Perak,Hilir Perak,2017,128.0,432.0,,,
Perak,Hilir Perak,2018,113.0,447.0,,,
Perak,Hilir Perak,2019,113.0,441.0,,,
Perak,Hilir Perak,2020,100.0,350.0,224.8,0.4448398576512455,1.5569395017793592
Perak,Hilir Perak,2021,81.0,289.0,228.6,0.3543307086614173,1.2642169728783903
Perak,Hilir Perak,2022,97.0,266.0,224.60000000000002,0.4318788958147818,1.184327693677649
Perak,Hilir Perak,2023,85.0,335.0,224.89999999999998,0.3779457536682971,1.4895509115162295
Perak,Hulu Perak,2016,16.0,97.0,,,
Perak,Hulu Perak,2017,18.0,75.0,,,
Perak,Hulu Perak,2018,18.0,64.0,,,
Perak,Hulu Perak,2019,18.0,78.0,,,
Perak,Hulu Perak,2020,13.0,67.0,95.1,0.1366982124079916,0.7045215562565721
Perak,Hulu Perak,2021,15.0,46.0,95.3,0.15739769150052466,0.4826862539349423
Perak,Hulu Perak,2022,14.0,57.0,95.9,0.145985401459854,0.5943691345151199
Perak,Hulu Perak,2023,22.0,63.0,97.1,0.22657054582904224,0.6488156539649846
Perak,Kampar,2016,41.0,154.0,,,
Perak,Kampar,2017,36.0,146.0,,,
Perak,Kampar,2018,32.0,160.0,,,
Perak,Kampar,2019,34.0,167.0,,,
Perak,Kampar,2020,28.0,85.0,98.7,0.2836879432624113,0.8611955420466059
Perak,Kampar,2021,21.0,70.0,98.3,0.21363173957273654,0.7121057985757884
Perak,Kampar,2022,14.0,78.0,98.2,0.1425661914460285,0.7942973523421588
Perak,Kampar,2023,11.0,80.0,98.9,0.11122345803842264,0.8088978766430738
Perak,Kerian,2016,50.0,178.0,,,
Perak,Kerian,2017,39.0,156.0,,,
Perak,Kerian,2018,37.0,155.0,,,
Perak,Kerian,2019,37.0,161.0,,,
Perak,Kerian,2020,44.0,135.0,166.4,0.2644230769230769,0.8112980769230769
Perak,Kerian,2021,48.0,142.0,167.8,0.2860548271752086,0.8462455303933253
Perak,Kerian,2022,56.0,124.0,167.5,0.33432835820895523,0.7402985074626866
Perak,Kerian,2023,40.0,138.0,168.5,0.23738872403560832,0.8189910979228486
Perak,Kinta,2016,538.0,1785.0,,,
Perak,Kinta,2017,473.0,1699.0,,,
Perak,Kinta,2018,394.0,1662.0,,,
Perak,Kinta,2019,470.0,1500.0,,,
Perak,Kinta,2020,258.0,907.0,888.8,0.2902790279027903,1.0204770477047704
Perak,Kinta,2021,305.0,841.0,893.6,0.34131602506714415,0.9411369740376007
Perak,Kinta,2022,328.0,1128.0,895.8,0.3661531591873186,1.259209645010047
Perak,Kinta,2023,392.0,1163.0,909.1,0.4311956880431196,1.2792872071279286
Perak,Kuala Kangsar,2016,60.0,243.0,,,
Perak,Kuala Kangsar,2017,52.0,222.0,,,
Perak,Kuala Kangsar,2018,59.0,180.0,,,
Perak,Kuala Kangsar,2019,56.0,180.0,,,
Perak,Kuala Kangsar,2020,59.0,128.0,176.1,0.3350369108461102,0.7268597387847814
Perak,Kuala Kangsar,2021,46.0,82.0,176.3,0.26091888825865,0.46511627906976744
Perak,Kuala Kangsar,2022,54.0,128.0,176.7,0.30560271646859083,0.724391624221845
Perak,Kuala Kangsar,2023,40.0,137.0,178.3,0.2243409983174425,0.7683679192372406
Perak,Larut/Matang/Selama,2016,221.0,614.0,,,
Perak,Larut/Matang/Selama,2017,173.0,584.0,,,
Perak,Larut/Matang/Selama,2018,173.0,599.0,,,
Perak,Larut/Matang/Selama,2019,188.0,534.0,,,
Perak,Larut/Matang/Selama,2020,123.0,386.0,304.0,0.40460526315789475,1.269736842105263
Perak,Larut/Matang/Selama,2021,106.0,264.0,306.59999999999997,0.34572733202870193,0.8610567514677104
Perak,Larut/Matang/Selama,2022,102.0,280.0,307.1,0.3321393682839466,0.9117551286225984
Perak,Larut/Matang/Selama,2023,125.0,271.0,310.2,0.40296582849774343,0.8736299161831077
Perak,Manjung,2016,105.0,574.0,,,
Perak,Manjung,2017,116.0,506.0,,,
Perak,Manjung,2018,99.0,515.0,,,
Perak,Manjung,2019,105.0,397.0,,,
Perak,Manjung,2020,89.0,283.0,247.0,0.3603238866396761,1.145748987854251
Perak,Manjung,2021,61.0,229.0,250.1,0.24390243902439024,0.9156337465013995
Perak,Manjung,2022,53.0,193.0,249.6,0.21233974358974358,0.7732371794871795
Perak,Manjung,2023,67.0,213.0,252.3,0.26555687673404677,0.8442330558858502
Perak,Muallim,2016,44.0,112.0,,,
Perak,Muallim,2017,31.0,117.0,,,
Perak,Muallim,2018,20.0,122.0,,,
Perak,Muallim,2019,23.0,117.0,,,
Perak,Muallim,2020,16.0,79.0,76.7,0.2086049543676662,1.029986962190352
Perak,Muallim,2021,11.0,57.0,77.9,0.14120667522464697,0.7317073170731707
Perak,Muallim,2022,17.0,62.0,78.0,0.21794871794871795,0.7948717948717948
Perak,Muallim,2023,19.0,71.0,78.6,0.24173027989821885,0.9033078880407125
Perak,Perak Tengah,2016,20.0,187.0,,,
Perak,Perak Tengah,2017,24.0,116.0,,,
Perak,Perak Tengah,2018,11.0,81.0,,,
Perak,Perak Tengah,2019,17.0,98.0,,,
Perak,Perak Tengah,2020,22.0,82.0,94.6,0.23255813953488375,0.8668076109936576
Perak,Perak Tengah,2021,23.0,71.0,95.0,0.24210526315789474,0.7473684210526316
Perak,Perak Tengah,2022,14.0,94.0,95.6,0.14644351464435149,0.9832635983263599
Perak,Perak Tengah,2023,29.0,114.0,97.2,0.29835390946502055,1.1728395061728394
Perlis,Perlis,2016,109.0,546.0,,,
Perlis,Perlis,2017,132.0,472.0,,,
Perlis,Perlis,2018,126.0,437.0,,,
Perlis,Perlis,2019,121.0,406.0,,,
Perlis,Perlis,2020,81.0,412.0,284.9,0.2843102843102843,1.4461214461214462
Perlis,Perlis,2021,80.0,356.0,287.6,0.27816411682892905,1.2378303198887342
Perlis,Perlis,2022,82.0,320.0,289.8,0.2829537612146308,1.1042097998619738
Perlis,Perlis,2023,75.0,264.0,293.1,0.25588536335721596,0.9007164790174002
Pulau Pinang,Barat Daya,2016,90.0,448.0,,,
Pulau Pinang,Barat Daya,2017,89.0,432.0,,,
Pulau Pinang,Barat Daya,2018,64.0,427.0,,,
Pulau Pinang,Barat Daya,2019,74.0,434.0,,,
Pulau Pinang,Barat Daya,2020,48.0,285.0,237.7,0.20193521245267143,1.1989903239377366
Pulau Pinang,Barat Daya,2021,79.0,288.0,238.5,0.3312368972746331,1.2075471698113207
Pulau Pinang,Barat Daya,2022,86.0,266.0,239.6,0.3589315525876461,1.1101836393989983
Pulau Pinang,Barat Daya,2023,86.0,321.0,244.2,0.3521703521703522,1.3144963144963147
Pulau Pinang,Seberang Perai Selatan,2016,135.0,370.0,,,
Pulau Pinang,Seberang Perai Selatan,2017,138.0,335.0,,,
Pulau Pinang,Seberang Perai Selatan,2018,125.0,291.0,,,
Pulau Pinang,Seberang Perai Selatan,2019,120.0,340.0,,,
Pulau Pinang,Seberang Perai Selatan,2020,84.0,220.0,184.0,0.45652173913043476,1.1956521739130435
Pulau Pinang,Seberang Perai Selatan,2021,86.0,246.0,186.5,0.46112600536193027,1.3190348525469169
Pulau Pinang,Seberang Perai Selatan,2022,91.0,223.0,185.5,0.49056603773584906,1.202156334231806
Pulau Pinang,Seberang Perai Selatan,2023,76.0,259.0,186.8,0.40685224839400425,1.3865096359743039
Pulau Pinang,Seberang Perai Tengah,2016,338.0,1872.0,,,
Pulau Pinang,Seberang Perai Tengah,2017,322.0,1581.0,,,
Pulau Pinang,Seberang Perai Tengah,2018,268.0,1476.0,,,
Pulau Pinang,Seberang Perai Tengah,2019,422.0,1529.0,,,
Pulau Pinang,Seberang Perai Tengah,2020,317.0,982.0,423.0,0.7494089834515366,2.321513002364066
Pulau Pinang,Seberang Perai Tengah,2021,288.0,931.0,421.6,0.683111954459203,2.208254269449715
Pulau Pinang,Seberang Perai Tengah,2022,226.0,702.0,422.8,0.5345316934720908,1.6603595080416271
Pulau Pinang,Seberang Perai Tengah,2023,192.0,733.0,433.5,0.4429065743944637,1.690888119953864
Pulau Pinang,Seberang Perai Utara,2016,166.0,988.0,,,
Pulau Pinang,Seberang Perai Utara,2017,159.0,948.0,,,
Pulau Pinang,Seberang Perai Utara,2018,150.0,853.0,,,
Pulau Pinang,Seberang Perai Utara,2019,129.0,814.0,,,
Pulau Pinang,Seberang Perai Utara,2020,102.0,612.0,339.1,0.3007962253022707,1.804777351813624
Pulau Pinang,Seberang Perai Utara,2021,156.0,554.0,339.8,0.4590935844614479,1.6303708063566804
Pulau Pinang,Seberang Perai Utara,2022,177.0,512.0,341.3,0.518605332552007,1.5001464986815118
Pulau Pinang,Seberang Perai Utara,2023,128.0,568.0,346.6,0.3693017888055395,1.6387766878245815
Pulau Pinang,Timur Laut,2016,309.0,1400.0,,,
Pulau Pinang,Timur Laut,2017,370.0,1178.0,,,
Pulau Pinang,Timur Laut,2018,283.0,1080.0,,,
Pulau Pinang,Timur Laut,2019,311.0,1045.0,,,
Pulau Pinang,Timur Laut,2020,291.0,912.0,556.6,0.5228171038447718,1.6385195831836148
Pulau Pinang,Timur Laut,2021,322.0,880.0,553.6,0.5816473988439306,1.5895953757225434
Pulau Pinang,Timur Laut,2022,367.0,813.0,551.8,0.6650960492932222,1.473359913011961
Pulau Pinang,Timur Laut,2023,338.0,903.0,561.6,0.6018518518518519,1.6079059829059827
Putrajaya,Putrajaya,2016,575.0,263.0,,,
Putrajaya,Putrajaya,2017,19.0,236.0,,,
Putrajaya,Putrajaya,2018,16.0,195.0,,,
Putrajaya,Putrajaya,2019,23.0,223.0,,,
Putrajaya,Putrajaya,2020,11.0,120.0,109.2,0.10073260073260074,1.0989010989010988
Putrajaya,Putrajaya,2021,8.0,83.0,115.2,0.06944444444444445,0.720486111111111
Putrajaya,Putrajaya,2022,15.0,69.0,117.0,0.1282051282051282,0.5897435897435898
Putrajaya,Putrajaya,2023,10.0,60.0,118.8,0.08417508417508418,0.5050505050505051
Sabah,Beaufort,2016,16.0,119.0,,,
Sabah,Beaufort,2017,22.0,136.0,,,
Sabah,Beaufort,2018,12.0,176.0,,,
Sabah,Beaufort,2019,19.0,137.0,,,
Sabah,Beaufort,2020,6.0,74.0,99.4,0.060362173038229376,0.744466800804829
Sabah,Beaufort,2021,16.0,42.0,100.1,0.15984015984015984,0.4195804195804196
Sabah,Beaufort,2022,9.0,43.0,99.8,0.09018036072144289,0.4308617234468938
Sabah,Beaufort,2023,8.0,52.0,101.2,0.07905138339920949,0.5138339920948617
Sabah,Beluran,2016,16.0,42.0,,,
Sabah,Beluran,2017,21.0,56.0,,,
Sabah,Beluran,2018,14.0,61.0,,,
Sabah,Beluran,2019,20.0,47.0,,,
Sabah,Beluran,2020,16.0,34.0,149.0,0.10738255033557047,0.22818791946308725
Sabah,Beluran,2021,13.0,40.0,152.3,0.08535784635587655,0.2626395272488509
Sabah,Beluran,2022,24.0,43.0,147.4,0.16282225237449116,0.29172320217096337
Sabah,Beluran,2023,19.0,65.0,158.20000000000002,0.12010113780025283,0.41087231352718073
Sabah,Keningau,2016,58.0,169.0,,,
Sabah,Keningau,2017,39.0,161.0,,,
Sabah,Keningau,2018,38.0,148.0,,,
Sabah,Keningau,2019,43.0,143.0,,,
Sabah,Keningau,2020,21.0,118.0,210.8,0.09962049335863377,0.5597722960151802
Sabah,Keningau,2021,15.0,90.0,211.6,0.07088846880907372,0.42533081285444235
Sabah,Keningau,2022,22.0,75.0,214.5,0.10256410256410256,0.34965034965034963
Sabah,Keningau,2023,35.0,110.0,218.89999999999998,0.15989036089538602,0.5025125628140704
Sabah,Kinabatangan,2016,18.0,39.0,,,
Sabah,Kinabatangan,2017,14.0,47.0,,,
Sabah,Kinabatangan,2018,16.0,64.0,,,
Sabah,Kinabatangan,2019,12.0,65.0,,,
Sabah,Kinabatangan,2020,15.0,46.0,143.1,0.10482180293501049,0.32145352900069885
Sabah,Kinabatangan,2021,9.0,60.0,135.4,0.06646971935007386,0.44313146233382567
Sabah,Kinabatangan,2022,18.0,52.0,138.1,0.13034033309196236,0.3765387400434468
Sabah,Kinabatangan,2023,14.0,74.0,149.1,0.09389671361502348,0.49631120053655264
Sabah,Kota Belud,2016,22.0,132.0,,,
Sabah,Kota Belud,2017,33.0,184.0,,,
Sabah,Kota Belud,2018,20.0,161.0,,,
Sabah,Kota Belud,2019,22.0,121.0,,,
Sabah,Kota Belud,2020,19.0,70.0,107.2,0.17723880597014924,0.6529850746268656
Sabah,Kota Belud,2021,9.0,95.0,108.5,0.08294930875576037,0.8755760368663594
Sabah,Kota Belud,2022,9.0,33.0,108.3,0.08310249307479224,0.30470914127423826
Sabah,Kota Belud,2023,15.0,20.0,109.6,0.13686131386861314,0.18248175182481752
Sabah,Kota Kinabalu,2016,107.0,1245.0,,,
Sabah,Kota Kinabalu,2017,151.0,1387.0,,,
Sabah,Kota Kinabalu,2018,98.0,1333.0,,,
Sabah,Kota Kinabalu,2019,112.0,1122.0,,,
Sabah,Kota Kinabalu,2020,111.0,893.0,500.4,0.22182254196642687,1.7845723421262991
Sabah,Kota Kinabalu,2021,88.0,861.0,496.4,0.17727639000805803,1.734488315874295
Sabah,Kota Kinabalu,2022,125.0,1165.0,500.8,0.24960063897763576,2.3262779552715656
Sabah,Kota Kinabalu,2023,81.0,915.0,525.7,0.15408027392048695,1.7405364276203157
Sabah,Kota Marudu,2016,18.0,51.0,,,
Sabah,Kota Marudu,2017,16.0,86.0,,,
Sabah,Kota Marudu,2018,11.0,107.0,,,
Sabah,Kota Marudu,2019,15.0,97.0,,,
Sabah,Kota Marudu,2020,16.0,52.0,106.2,0.15065913370998116,0.4896421845574388
Sabah,Kota Marudu,2021,5.0,54.0,107.4,0.04655493482309125,0.5027932960893855
Sabah,Kota Marudu,2022,15.0,66.0,108.39999999999999,0.13837638376383765,0.6088560885608857
Sabah,Kota Marudu,2023,13.0,67.0,110.4,0.11775362318840579,0.6068840579710144
Sabah,Kudat,2016,8.0,51.0,,,
Sabah,Kudat,2017,14.0,42.0,,,
Sabah,Kudat,2018,12.0,42.0,,,
Sabah,Kudat,2019,6.0,42.0,,,
Sabah,Kudat,2020,7.0,27.0,86.4,0.08101851851851852,0.3125
Sabah,Kudat,2021,9.0,16.0,85.9,0.10477299185098951,0.18626309662398136
Sabah,Kudat,2022,12.0,26.0,87.3,0.13745704467353953,0.29782359679266895
Sabah,Kudat,2023,14.0,42.0,90.7,0.1543550165380375,0.46306504961411243
Sabah,Kunak,2016,12.0,74.0,,,
Sabah,Kunak,2017,8.0,87.0,,,
Sabah,Kunak,2018,7.0,42.0,,,
Sabah,Kunak,2019,4.0,66.0,,,
Sabah,Kunak,2020,6.0,39.0,68.9,0.08708272859216255,0.5660377358490566
Sabah,Kunak,2021,7.0,37.0,67.0,0.1044776119402985,0.5522388059701493
Sabah,Kunak,2022,8.0,29.0,67.8,0.11799410029498525,0.42772861356932157
Sabah,Kunak,2023,6.0,42.0,76.2,0.07874015748031496,0.5511811023622047
Sabah,Lahad Datu,2016,49.0,258.0,,,
Sabah,Lahad Datu,2017,48.0,236.0,,,
Sabah,Lahad Datu,2018,49.0,249.0,,,
Sabah,Lahad Datu,2019,44.0,267.0,,,
Sabah,Lahad Datu,2020,22.0,179.0,229.1,0.09602793539938892,0.7813182016586644
Sabah,Lahad Datu,2021,24.0,138.0,233.2,0.10291595197255575,0.5917667238421955
Sabah,Lahad Datu,2022,27.0,121.0,226.9,0.11899515204936095,0.5332745702952842
Sabah,Lahad Datu,2023,43.0,162.0,242.1,0.17761255679471294,0.6691449814126395
Sabah,Papar,2016,20.0,112.0,,,
Sabah,Papar,2017,25.0,262.0,,,
Sabah,Papar,2018,42.0,294.0,,,
Sabah,Papar,2019,41.0,301.0,,,
Sabah,Papar,2020,41.0,114.0,150.7,0.27206370272063707,0.7564698075646982
Sabah,Papar,2021,25.0,78.0,151.3,0.16523463317911433,0.5155320555188367
Sabah,Papar,2022,13.0,90.0,152.6,0.08519003931847968,0.5897771952817824
Sabah,Papar,2023,27.0,124.0,154.8,0.17441860465116277,0.8010335917312661
Sabah,Penampang,2016,48.0,383.0,,,
Sabah,Penampang,2017,75.0,538.0,,,
Sabah,Penampang,2018,78.0,526.0,,,
Sabah,Penampang,2019,67.0,496.0,,,
Sabah,Penampang,2020,28.0,261.0,231.0,0.12121212121212122,1.12987012987013
Sabah,Penampang,2021,28.0,213.0,234.7,0.11930123561994035,0.9075415423945463
Sabah,Penampang,2022,35.0,231.0,232.39999999999998,0.15060240963855423,0.993975903614458
Sabah,Penampang,2023,44.0,216.0,236.10000000000002,0.1863617111393477,0.9148665819567979
Sabah,Ranau,2016,20.0,77.0,,,
Sabah,Ranau,2017,16.0,57.0,,,
Sabah,Ranau,2018,10.0,56.0,,,
Sabah,Ranau,2019,18.0,79.0,,,
Sabah,Ranau,2020,11.0,46.0,85.1,0.1292596944770858,0.5405405405405406
Sabah,Ranau,2021,10.0,49.0,86.4,0.11574074074074073,0.5671296296296295
Sabah,Ranau,2022,8.0,66.0,86.3,0.09269988412514485,0.764774044032445
Sabah,Ranau,2023,9.0,70.0,87.5,0.10285714285714286,0.8
Sabah,Sandakan,2016,46.0,430.0,,,
Sabah,Sandakan,2017,86.0,547.0,,,
Sabah,Sandakan,2018,49.0,587.0,,,
Sabah,Sandakan,2019,74.0,533.0,,,
Sabah,Sandakan,2020,49.0,481.0,439.1,0.1115918925074015,1.0954224550216352
Sabah,Sandakan,2021,51.0,436.0,432.1,0.11802823420504512,1.0090256884980329
Sabah,Sandakan,2022,47.0,521.0,435.3,0.10797151389846082,1.1968757178957041
Sabah,Sandakan,2023,47.0,494.0,470.4,0.09991496598639456,1.050170068027211
Sabah,Semporna,2016,27.0,208.0,,,
Sabah,Semporna,2017,38.0,321.0,,,
Sabah,Semporna,2018,31.0,378.0,,,
Sabah,Semporna,2019,39.0,312.0,,,
Sabah,Semporna,2020,28.0,214.0,166.6,0.16806722689075632,1.284513805522209
Sabah,Semporna,2021,34.0,235.0,160.4,0.21197007481296756,1.4650872817955112
Sabah,Semporna,2022,36.0,133.0,165.4,0.21765417170495768,0.804111245465538
Sabah,Semporna,2023,36.0,184.0,186.0,0.1935483870967742,0.989247311827957
Sabah,Sipitang,2016,16.0,102.0,,,
Sabah,Sipitang,2017,6.0,96.0,,,
Sabah,Sipitang,2018,8.0,91.0,,,
Sabah,Sipitang,2019,7.0,92.0,,,
Sabah,Sipitang,2020,4.0,40.0,37.8,0.10582010582010583,1.0582010582010584
Sabah,Sipitang,2021,2.0,52.0,37.5,0.05333333333333334,1.3866666666666667
Sabah,Sipitang,2022,5.0,26.0,38.1,0.13123359580052493,0.6824146981627296
Sabah,Sipitang,2023,4.0,18.0,39.4,0.10152284263959391,0.4568527918781726
Sabah,Tawau,2016,85.0,896.0,,,
Sabah,Tawau,2017,97.0,910.0,,,
Sabah,Tawau,2018,29.0,871.0,,,
Sabah,Tawau,2019,50.0,840.0,,,
Sabah,Tawau,2020,43.0,389.0,420.8,0.10218631178707224,0.9244296577946768
Sabah,Tawau,2021,38.0,315.0,424.2,0.08958038661008959,0.7425742574257426
Sabah,Tawau,2022,67.0,690.0,416.20000000000005,0.1609802979336857,1.6578567996155693
Sabah,Tawau,2023,75.0,720.0,447.5,0.16759776536312848,1.6089385474860336
Sabah,Tenom,2016,11.0,41.0,,,
Sabah,Tenom,2017,11.0,35.0,,,
Sabah,Tenom,2018,15.0,36.0,,,
Sabah,Tenom,2019,8.0,30.0,,,
Sabah,Tenom,2020,4.0,19.0,51.3,0.07797270955165693,0.3703703703703704
Sabah,Tenom,2021,6.0,30.0,51.6,0.11627906976744186,0.5813953488372093
Sabah,Tenom,2022,5.0,35.0,52.0,0.09615384615384616,0.6730769230769231
Sabah,Tenom,2023,17.0,38.0,52.9,0.32136105860113423,0.718336483931947
Sabah,Tuaran,2016,26.0,99.0,,,
Sabah,Tuaran,2017,21.0,103.0,,,
Sabah,Tuaran,2018,16.0,108.0,,,
Sabah,Tuaran,2019,18.0,84.0,,,
Sabah,Tuaran,2020,14.0,57.0,135.7,0.10316875460574798,0.42004421518054536
Sabah,Tuaran,2021,8.0,49.0,136.5,0.05860805860805861,0.358974358974359
Sabah,Tuaran,2022,7.0,53.0,137.1,0.05105762217359592,0.3865791393143691
Sabah,Tuaran,2023,8.0,61.0,140.0,0.05714285714285714,0.4357142857142857
Sarawak,Bau,2016,14.0,41.0,,,
Sarawak,Bau,2017,9.0,39.0,,,
Sarawak,Bau,2018,86.0,42.0,,,
Sarawak,Bau,2019,9.0,38.0,,,
Sarawak,Bau,2020,8.0,27.0,52.6,0.1520912547528517,0.5133079847908745
Sarawak,Bau,2021,6.0,27.0,52.9,0.11342155009451796,0.5103969754253308
Sarawak,Bau,2022,13.0,45.0,53.1,0.2448210922787194,0.847457627118644
Sarawak,Bau,2023,14.0,62.0,53.6,0.26119402985074625,1.1567164179104477
Sarawak,Belaga,2016,17.0,55.0,,,
Sarawak,Belaga,2017,6.0,67.0,,,
Sarawak,Belaga,2018,10.0,38.0,,,
Sarawak,Belaga,2019,6.0,26.0,,,
Sarawak,Belaga,2020,6.0,18.0,22.5,0.26666666666666666,0.8
Sarawak,Belaga,2021,7.0,19.0,22.8,0.30701754385964913,0.8333333333333333
Sarawak,Belaga,2022,3.0,15.0,22.6,0.1327433628318584,0.663716814159292
Sarawak,Belaga,2023,2.0,32.0,22.7,0.0881057268722467,1.4096916299559472
Sarawak,Betong,2016,7.0,69.0,,,
Sarawak,Betong,2017,18.0,45.0,,,
Sarawak,Betong,2018,6.0,62.0,,,
Sarawak,Betong,2019,11.0,56.0,,,
Sarawak,Betong,2020,11.0,61.0,36.3,0.30303030303030304,1.6804407713498624
Sarawak,Betong,2021,11.0,73.0,36.3,0.30303030303030304,2.0110192837465566
Sarawak,Betong,2022,6.0,76.0,36.5,0.1643835616438356,2.0821917808219177
Sarawak,Betong,2023,13.0,64.0,36.8,0.3532608695652174,1.7391304347826089
Sarawak,Bintulu,2016,72.0,610.0,,,
Sarawak,Bintulu,2017,63.0,522.0,,,
Sarawak,Bintulu,2018,34.0,429.0,,,
Sarawak,Bintulu,2019,53.0,416.0,,,
Sarawak,Bintulu,2020,33.0,316.0,178.6,0.1847704367301232,1.769316909294513
Sarawak,Bintulu,2021,31.0,282.0,177.0,0.1751412429378531,1.5932203389830508
Sarawak,Bintulu,2022,50.0,354.0,179.7,0.2782415136338342,1.969949916527546
Sarawak,Bintulu,2023,37.0,337.0,185.2,0.19978401727861772,1.8196544276457884
Sarawak,Dalat,2016,3.0,31.0,,,
Sarawak,Dalat,2017,7.0,26.0,,,
Sarawak,Dalat,2018,10.0,16.0,,,
Sarawak,Dalat,2019,5.0,14.0,,,
Sarawak,Dalat,2020,3.0,11.0,21.1,0.14218009478672985,0.5213270142180094
Sarawak,Dalat,2021,4.0,5.0,21.1,0.1895734597156398,0.23696682464454974
Sarawak,Dalat,2022,1.0,7.0,21.2,0.04716981132075472,0.33018867924528306
Sarawak,Dalat,2023,3.0,8.0,21.6,0.13888888888888887,0.37037037037037035
Sarawak,Julau,2016,3.0,10.0,,,
Sarawak,Julau,2017,5.0,6.0,,,
Sarawak,Julau,2018,3.0,5.0,,,
Sarawak,Julau,2019,2.0,5.0,,,
Sarawak,Julau,2020,4.0,6.0,30.8,0.12987012987012986,0.19480519480519481
Sarawak,Julau,2021,3.0,1.0,30.8,0.09740259740259741,0.032467532467532464
Sarawak,Julau,2022,5.0,10.0,31.0,0.16129032258064516,0.3225806451612903
Sarawak,Julau,2023,4.0,15.0,31.1,0.12861736334405144,0.4823151125401929
Sarawak,Kanowit,2016,2.0,22.0,,,
Sarawak,Kanowit,2017,5.0,23.0,,,
Sarawak,Kanowit,2018,8.0,7.0,,,
Sarawak,Kanowit,2019,3.0,17.0,,,
Sarawak,Kanowit,2020,6.0,13.0,24.7,0.24291497975708504,0.5263157894736842
Sarawak,Kanowit,2021,1.0,4.0,24.7,0.04048582995951417,0.16194331983805668
Sarawak,Kanowit,2022,4.0,4.0,24.6,0.16260162601626016,0.16260162601626016
Sarawak,Kanowit,2023,1.0,7.0,24.9,0.040160642570281124,0.28112449799196787
Sarawak,Kapit,2016,16.0,56.0,,,
Sarawak,Kapit,2017,11.0,57.0,,,
Sarawak,Kapit,2018,8.0,40.0,,,
Sarawak,Kapit,2019,7.0,40.0,,,
Sarawak,Kapit,2020,7.0,27.0,46.2,0.15151515151515152,0.5844155844155844
Sarawak,Kapit,2021,4.0,20.0,46.3,0.08639308855291578,0.4319654427645789
Sarawak,Kapit,2022,7.0,22.0,46.6,0.1502145922746781,0.4721030042918455
Sarawak,Kapit,2023,5.0,28.0,47.2,0.1059322033898305,0.5932203389830508
Sarawak,Kuching,2016,308.0,2193.0,,,
Sarawak,Kuching,2017,258.0,2204.0,,,
Sarawak,Kuching,2018,161.0,1881.0,,,
Sarawak,Kuching,2019,299.0,1856.0,,,
Sarawak,Kuching,2020,265.0,1899.0,609.2,0.43499671700590936,3.1172028890347994
Sarawak,Kuching,2021,219.0,1485.0,612.5,0.3575510204081633,2.4244897959183676
Sarawak,Kuching,2022,240.0,1298.0,615.8,0.38973692757388767,2.1078272166287757
Sarawak,Kuching,2023,199.0,1384.0,621.3,0.3202961532271045,2.2275873169161438
Sarawak,Lawas,2016,8.0,46.0,,,
Sarawak,Lawas,2017,4.0,37.0,,,
Sarawak,Lawas,2018,26.0,41.0,,,
Sarawak,Lawas,2019,7.0,34.0,,,
Sarawak,Lawas,2020,6.0,26.0,36.6,0.16393442622950818,0.7103825136612022
Sarawak,Lawas,2021,2.0,22.0,36.9,0.05420054200542006,0.5962059620596206
Sarawak,Lawas,2022,7.0,22.0,37.2,0.1881720430107527,0.5913978494623655
Sarawak,Lawas,2023,12.0,21.0,37.7,0.3183023872679045,0.5570291777188329
Sarawak,Limbang,2016,18.0,54.0,,,
Sarawak,Limbang,2017,15.0,58.0,,,
Sarawak,Limbang,2018,48.0,46.0,,,
Sarawak,Limbang,2019,9.0,30.0,,,
Sarawak,Limbang,2020,7.0,27.0,45.1,0.15521064301552107,0.5986696230598669
Sarawak,Limbang,2021,5.0,25.0,45.3,0.11037527593818985,0.5518763796909493
Sarawak,Limbang,2022,3.0,23.0,45.6,0.06578947368421052,0.5043859649122807
Sarawak,Limbang,2023,7.0,15.0,46.1,0.15184381778741865,0.32537960954446854
Sarawak,Lubok Antu,2016,6.0,9.0,,,
Sarawak,Lubok Antu,2017,2.0,30.0,,,
Sarawak,Lubok Antu,2018,5.0,29.0,,,
Sarawak,Lubok Antu,2019,5.0,13.0,,,
Sarawak,Lubok Antu,2020,10.0,17.0,24.6,0.4065040650406504,0.6910569105691057
Sarawak,Lubok Antu,2021,7.0,9.0,24.7,0.2834008097165992,0.3643724696356275
Sarawak,Lubok Antu,2022,7.0,12.0,24.6,0.2845528455284553,0.4878048780487805
Sarawak,Lubok Antu,2023,3.0,23.0,24.6,0.12195121951219512,0.9349593495934959
Sarawak,Lundu,2016,15.0,78.0,,,
Sarawak,Lundu,2017,7.0,57.0,,,
Sarawak,Lundu,2018,9.0,39.0,,,
Sarawak,Lundu,2019,9.0,29.0,,,
Sarawak,Lundu,2020,9.0,40.0,33.5,0.26865671641791045,1.1940298507462686
Sarawak,Lundu,2021,12.0,52.0,33.7,0.35608308605341243,1.5430267062314538
Sarawak,Lundu,2022,5.0,47.0,33.8,0.14792899408284024,1.3905325443786984
Sarawak,Lundu,2023,8.0,55.0,34.2,0.23391812865497075,1.608187134502924
Sarawak,Maradong,2016,7.0,28.0,,,
Sarawak,Maradong,2017,7.0,30.0,,,
Sarawak,Maradong,2018,30.0,37.0,,,
Sarawak,Maradong,2019,13.0,46.0,,,
Sarawak,Maradong,2020,8.0,42.0,20.3,0.3940886699507389,2.0689655172413794
Sarawak,Maradong,2021,3.0,23.0,20.4,0.14705882352941177,1.1274509803921569
Sarawak,Maradong,2022,3.0,19.0,20.5,0.14634146341463414,0.926829268292683
Sarawak,Maradong,2023,16.0,32.0,20.7,0.7729468599033816,1.5458937198067633
Sarawak,Marudi,2016,26.0,50.0,,,
Sarawak,Marudi,2017,21.0,39.0,,,
Sarawak,Marudi,2018,89.0,33.0,,,
Sarawak,Marudi,2019,19.0,58.0,,,
Sarawak,Marudi,2020,10.0,60.0,64.9,0.15408320493066255,0.9244992295839752
Sarawak,Marudi,2021,13.0,50.0,65.9,0.19726858877086492,0.7587253414264036
Sarawak,Marudi,2022,14.0,52.0,64.2,0.21806853582554517,0.8099688473520249
Sarawak,Marudi,2023,18.0,58.0,63.8,0.2821316614420063,0.9090909090909092
Sarawak,Matu/Daro,2016,8.0,19.0,,,
Sarawak,Matu/Daro,2017,3.0,22.0,,,
Sarawak,Matu/Daro,2018,10.0,24.0,,,
Sarawak,Matu/Daro,2019,6.0,20.0,,,
Sarawak,Matu/Daro,2020,1.0,25.0,35.8,0.02793296089385475,0.6983240223463688
Sarawak,Matu/Daro,2021,2.0,17.0,36.1,0.055401662049861494,0.4709141274238227
Sarawak,Matu/Daro,2022,4.0,17.0,36.0,0.1111111111111111,0.4722222222222222
Sarawak,Matu/Daro,2023,3.0,37.0,36.4,0.08241758241758242,1.0164835164835164
Sarawak,Miri,2016,187.0,972.0,,,
Sarawak,Miri,2017,163.0,815.0,,,
Sarawak,Miri,2018,74.0,821.0,,,
Sarawak,Miri,2019,168.0,802.0,,,
Sarawak,Miri,2020,122.0,929.0,306.2,0.39843239712606143,3.0339647289353366
Sarawak,Miri,2021,88.0,481.0,309.1,0.2846975088967971,1.5561307020381752
Sarawak,Miri,2022,64.0,212.0,307.8,0.2079272254710851,0.6887589343729694
Sarawak,Miri,2023,51.0,241.0,310.4,0.1643041237113402,0.7764175257731959
Sarawak,Mukah,2016,17.0,64.0,,,
Sarawak,Mukah,2017,10.0,74.0,,,
Sarawak,Mukah,2018,13.0,83.0,,,
Sarawak,Mukah,2019,7.0,90.0,,,
Sarawak,Mukah,2020,7.0,54.0,62.099999999999994,0.11272141706924317,0.8695652173913044
Sarawak,Mukah,2021,14.0,41.0,62.599999999999994,0.22364217252396168,0.6549520766773164
Sarawak,Mukah,2022,6.0,32.0,62.4,0.09615384615384616,0.5128205128205129
Sarawak,Mukah,2023,6.0,44.0,63.0,0.09523809523809523,0.6984126984126984
Sarawak,Samarahan,2016,45.0,258.0,,,
Sarawak,Samarahan,2017,45.0,285.0,,,
Sarawak,Samarahan,2018,31.0,316.0,,,
Sarawak,Samarahan,2019,61.0,320.0,,,
Sarawak,Samarahan,2020,63.0,382.0,161.9,0.3891290920321186,2.3594811612106237
Sarawak,Samarahan,2021,38.0,297.0,166.5,0.22822822822822822,1.7837837837837838
Sarawak,Samarahan,2022,32.0,278.0,167.6,0.1909307875894988,1.658711217183771
Sarawak,Samarahan,2023,35.0,232.0,169.1,0.20697811945594324,1.3719692489651094
Sarawak,Saratok,2016,1.0,31.0,,,
Sarawak,Saratok,2017,8.0,26.0,,,
Sarawak,Saratok,2018,11.0,14.0,,,
Sarawak,Saratok,2019,8.0,25.0,,,
Sarawak,Saratok,2020,4.0,51.0,61.1,0.06546644844517185,0.8346972176759411
Sarawak,Saratok,2021,8.0,31.0,61.2,0.13071895424836602,0.5065359477124183
Sarawak,Saratok,2022,3.0,38.0,61.400000000000006,0.04885993485342019,0.6188925081433224
Sarawak,Saratok,2023,3.0,46.0,62.2,0.04823151125401929,0.7395498392282958
Sarawak,Sarikei,2016,26.0,180.0,,,
Sarawak,Sarikei,2017,28.0,149.0,,,
Sarawak,Sarikei,2018,9.0,149.0,,,
Sarawak,Sarikei,2019,18.0,142.0,,,
Sarawak,Sarikei,2020,11.0,142.0,51.9,0.21194605009633913,2.7360308285163777
Sarawak,Sarikei,2021,9.0,63.0,52.300000000000004,0.17208413001912046,1.2045889101338432
Sarawak,Sarikei,2022,5.0,70.0,52.3,0.09560229445506693,1.338432122370937
Sarawak,Sarikei,2023,8.0,64.0,52.7,0.15180265654648956,1.2144212523719164
Sarawak,Serian,2016,19.0,111.0,,,
Sarawak,Serian,2017,25.0,120.0,,,
Sarawak,Serian,2018,18.0,103.0,,,
Sarawak,Serian,2019,21.0,101.0,,,
Sarawak,Serian,2020,7.0,88.0,110.5,0.06334841628959276,0.7963800904977375
Sarawak,Serian,2021,24.0,78.0,110.7,0.2168021680216802,0.7046070460704607
Sarawak,Serian,2022,32.0,103.0,111.3,0.28751123090745734,0.9254267744833783
Sarawak,Serian,2023,24.0,93.0,112.4,0.21352313167259784,0.8274021352313167
Sarawak,Sibu,2016,104.0,706.0,,,
Sarawak,Sibu,2017,122.0,634.0,,,
Sarawak,Sibu,2018,71.0,626.0,,,
Sarawak,Sibu,2019,124.0,783.0,,,
Sarawak,Sibu,2020,126.0,680.0,248.1,0.5078597339782346,2.7408303103587266
Sarawak,Sibu,2021,56.0,478.0,247.6,0.22617124394184168,1.9305331179321488
Sarawak,Sibu,2022,48.0,390.0,249.0,0.1927710843373494,1.5662650602409638
Sarawak,Sibu,2023,58.0,460.0,252.9,0.22933965994464214,1.818900751285093
Sarawak,Simunjan,2016,7.0,46.0,,,
Sarawak,Simunjan,2017,5.0,29.0,,,
Sarawak,Simunjan,2018,9.0,30.0,,,
Sarawak,Simunjan,2019,7.0,49.0,,,
Sarawak,Simunjan,2020,7.0,32.0,36.2,0.19337016574585633,0.8839779005524862
Sarawak,Simunjan,2021,4.0,28.0,36.4,0.10989010989010989,0.7692307692307693
Sarawak,Simunjan,2022,5.0,31.0,36.5,0.136986301369863,0.8493150684931506
Sarawak,Simunjan,2023,8.0,38.0,36.9,0.21680216802168023,1.029810298102981
Sarawak,Song,2016,3.0,4.0,,,
Sarawak,Song,2017,3.0,4.0,,,
Sarawak,Song,2018,2.0,10.0,,,
Sarawak,Song,2019,3.0,4.0,,,
Sarawak,Song,2020,3.0,7.0,10.0,0.3,0.7
Sarawak,Song,2021,3.0,4.0,10.0,0.3,0.4
Sarawak,Song,2022,4.0,8.0,10.0,0.4,0.8
Sarawak,Song,2023,6.0,3.0,10.2,0.5882352941176471,0.29411764705882354
Sarawak,Sri Aman,2016,9.0,109.0,,,
Sarawak,Sri Aman,2017,21.0,95.0,,,
Sarawak,Sri Aman,2018,26.0,73.0,,,
Sarawak,Sri Aman,2019,13.0,95.0,,,
Sarawak,Sri Aman,2020,13.0,92.0,61.2,0.21241830065359477,1.5032679738562091
Sarawak,Sri Aman,2021,15.0,77.0,61.3,0.24469820554649266,1.2561174551386625
Sarawak,Sri Aman,2022,14.0,96.0,61.1,0.22913256955810146,1.5711947626841243
Sarawak,Sri Aman,2023,12.0,72.0,61.3,0.19575856443719414,1.1745513866231647
Sarawak,Tatau/Sebauh,2016,5.0,21.0,,,
Sarawak,Tatau/Sebauh,2017,5.0,12.0,,,
Sarawak,Tatau/Sebauh,2018,4.0,25.0,,,
Sarawak,Tatau/Sebauh,2019,5.0,16.0,,,
Sarawak,Tatau/Sebauh,2020,4.0,17.0,61.5,0.06504065040650407,0.2764227642276423
Sarawak,Tatau/Sebauh,2021,4.0,9.0,60.599999999999994,0.06600660066006601,0.14851485148514854
Sarawak,Tatau/Sebauh,2022,3.0,18.0,61.1,0.049099836333878884,0.2945990180032733
Sarawak,Tatau/Sebauh,2023,2.0,16.0,63.3,0.031595576619273306,0.25276461295418645
Selangor,Gombak,2016,854.0,2862.0,,,
Selangor,Gombak,2017,838.0,2246.0,,,
Selangor,Gombak,2018,563.0,1931.0,,,
Selangor,Gombak,2019,557.0,1870.0,,,
Selangor,Gombak,2020,504.0,1612.0,942.4,0.534804753820034,1.7105263157894737
Selangor,Gombak,2021,451.0,1440.0,948.0,0.4757383966244726,1.518987341772152
Selangor,Gombak,2022,335.0,1223.0,950.2,0.3525573563460324,1.2870974531677541
Selangor,Gombak,2023,370.0,1402.0,966.2,0.3829434899606706,1.451045332229352
Selangor,Klang,2016,1109.0,2908.0,,,
Selangor,Klang,2017,974.0,2601.0,,,
Selangor,Klang,2018,775.0,2200.0,,,
Selangor,Klang,2019,677.0,1947.0,,,
Selangor,Klang,2020,656.0,1676.0,1088.9,0.6024428322159977,1.539167967673799
Selangor,Klang,2021,747.0,1808.0,1078.7,0.6925002317604524,1.676091591730787
Selangor,Klang,2022,530.0,1546.0,1094.1,0.4844164153185267,1.4130335435517778
Selangor,Klang,2023,587.0,1599.0,1134.0,0.517636684303351,1.41005291005291
Selangor,Kuala Langat,2016,158.0,594.0,,,
Selangor,Kuala Langat,2017,151.0,490.0,,,
Selangor,Kuala Langat,2018,129.0,395.0,,,
Selangor,Kuala Langat,2019,150.0,340.0,,,
Selangor,Kuala Langat,2020,153.0,327.0,307.4,0.49772283669486017,1.0637605725439168
Selangor,Kuala Langat,2021,165.0,344.0,312.2,0.5285073670723895,1.1018577834721333
Selangor,Kuala Langat,2022,113.0,407.0,314.5,0.35930047694753575,1.2941176470588236
Selangor,Kuala Langat,2023,122.0,346.0,320.7,0.3804178359837855,1.0788899282818833
Selangor,Kuala Selangor,2016,128.0,418.0,,,
Selangor,Kuala Selangor,2017,98.0,320.0,,,
Selangor,Kuala Selangor,2018,78.0,286.0,,,
Selangor,Kuala Selangor,2019,90.0,349.0,,,
Selangor,Kuala Selangor,2020,91.0,383.0,281.7,0.3230386936457224,1.359602413915513
Selangor,Kuala Selangor,2021,116.0,397.0,285.1,0.4068747807786741,1.3924938618028762
Selangor,Kuala Selangor,2022,90.0,328.0,287.6,0.3129346314325452,1.1404728789986092
Selangor,Kuala Selangor,2023,80.0,412.0,293.2,0.2728512960436562,1.4051841746248295
Selangor,Petaling,2016,2693.0,10374.0,,,
Selangor,Petaling,2017,2372.0,8039.0,,,
Selangor,Petaling,2018,1722.0,7022.0,,,
Selangor,Petaling,2019,1560.0,6352.0,,,
Selangor,Petaling,2020,1536.0,4952.0,2298.1,0.6683782254906228,2.1548235498890387
Selangor,Petaling,2021,1204.0,3888.0,2315.7,0.5199291790819192,1.6789739603575593
Selangor,Petaling,2022,936.0,3834.0,2304.8,0.40610898993405065,1.663484901076015
Selangor,Petaling,2023,971.0,3827.0,2334.7,0.4158992590054397,1.6391827643808627
Selangor,Sabak Bernam,2016,67.0,352.0,,,
Selangor,Sabak Bernam,2017,65.0,332.0,,,
Selangor,Sabak Bernam,2018,56.0,303.0,,,
Selangor,Sabak Bernam,2019,56.0,264.0,,,
Selangor,Sabak Bernam,2020,58.0,207.0,107.1,0.5415499533146593,1.9327731092436975
Selangor,Sabak Bernam,2021,35.0,144.0,107.5,0.32558139534883723,1.3395348837209302
Selangor,Sabak Bernam,2022,26.0,124.0,107.9,0.24096385542168675,1.149212233549583
Selangor,Sabak Bernam,2023,37.0,127.0,109.2,0.33882783882783885,1.1630036630036629
Selangor,Sepang,2016,258.0,915.0,,,
Selangor,Sepang,2017,184.0,598.0,,,
Selangor,Sepang,2018,169.0,534.0,,,
Selangor,Sepang,2019,155.0,523.0,,,
Selangor,Sepang,2020,150.0,421.0,325.2,0.4612546125461255,1.294587945879459
Selangor,Sepang,2021,124.0,426.0,330.7,0.37496220139098885,1.2881765951013002
Selangor,Sepang,2022,96.0,531.0,331.5,0.2895927601809955,1.6018099547511313
Selangor,Sepang,2023,143.0,569.0,339.2,0.4215801886792453,1.6774764150943398
Selangor,Ulu Langat,2016,1256.0,5784.0,,,
Selangor,Ulu Langat,2017,1678.0,4601.0,,,
Selangor,Ulu Langat,2018,1068.0,3734.0,,,
Selangor,Ulu Langat,2019,934.0,3480.0,,,
Selangor,Ulu Langat,2020,987.0,2969.0,1400.5,0.7047483041770796,2.119957158157801
Selangor,Ulu Langat,2021,814.0,2298.0,1393.3,0.5842245029785402,1.64932175410895
Selangor,Ulu Langat,2022,600.0,1977.0,1413.3,0.4245383145828911,1.3988537465506263
Selangor,Ulu Langat,2023,561.0,2202.0,1460.3,0.3841676367869616,1.5079093336985552
Selangor,Ulu Selangor,2016,88.0,405.0,,,
Selangor,Ulu Selangor,2017,110.0,372.0,,,
Selangor,Ulu Selangor,2018,98.0,357.0,,,
Selangor,Ulu Selangor,2019,123.0,373.0,,,
Selangor,Ulu Selangor,2020,104.0,486.0,243.0,0.4279835390946502,2.0
Selangor,Ulu Selangor,2021,149.0,357.0,243.4,0.6121610517666393,1.466721446179129
Selangor,Ulu Selangor,2022,94.0,235.0,246.4,0.3814935064935065,0.9537337662337663
Selangor,Ulu Selangor,2023,82.0,302.0,252.2,0.3251387787470262,1.19746233148295
Terengganu,Besut,2016,87.0,411.0,,,
Terengganu,Besut,2017,88.0,396.0,,,
Terengganu,Besut,2018,65.0,302.0,,,
Terengganu,Besut,2019,62.0,347.0,,,
Terengganu,Besut,2020,45.0,360.0,154.2,0.2918287937743191,2.3346303501945527
Terengganu,Besut,2021,48.0,253.0,156.8,0.3061224489795918,1.6135204081632653
Terengganu,Besut,2022,36.0,203.0,159.3,0.22598870056497172,1.2743251726302574
Terengganu,Besut,2023,58.0,172.0,162.6,0.35670356703567035,1.0578105781057812
Terengganu,Dungun,2016,83.0,295.0,,,
Terengganu,Dungun,2017,56.0,263.0,,,
Terengganu,Dungun,2018,41.0,243.0,,,
Terengganu,Dungun,2019,36.0,211.0,,,
Terengganu,Dungun,2020,26.0,235.0,158.1,0.1644528779253637,1.4864010120177105
Terengganu,Dungun,2021,18.0,195.0,160.7,0.1120099564405725,1.2134411947728687
Terengganu,Dungun,2022,20.0,169.0,162.5,0.12307692307692308,1.04
Terengganu,Dungun,2023,13.0,160.0,165.3,0.07864488808227464,0.9679370840895342
Terengganu,Hulu Terengganu,2016,26.0,129.0,,,
Terengganu,Hulu Terengganu,2017,20.0,123.0,,,
Terengganu,Hulu Terengganu,2018,26.0,77.0,,,
Terengganu,Hulu Terengganu,2019,19.0,87.0,,,
Terengganu,Hulu Terengganu,2020,23.0,101.0,69.9,0.32904148783977105,1.4449213161659513
Terengganu,Hulu Terengganu,2021,17.0,92.0,71.6,0.2374301675977654,1.2849162011173185
Terengganu,Hulu Terengganu,2022,17.0,84.0,72.3,0.2351313969571231,1.161825726141079
Terengganu,Hulu Terengganu,2023,18.0,76.0,73.7,0.24423337856173677,1.0312075983717774
Terengganu,Kemaman,2016,55.0,357.0,,,
Terengganu,Kemaman,2017,43.0,286.0,,,
Terengganu,Kemaman,2018,48.0,226.0,,,
Terengganu,Kemaman,2019,40.0,253.0,,,
Terengganu,Kemaman,2020,48.0,335.0,215.6,0.22263450834879406,1.5538033395176252
Terengganu,Kemaman,2021,30.0,259.0,218.7,0.13717421124828533,1.18427069044353
Terengganu,Kemaman,2022,50.0,266.0,221.7,0.22552999548940011,1.1998195760036086
Terengganu,Kemaman,2023,53.0,262.0,226.7,0.23378914865460962,1.1557123952359947
Terengganu,Kuala Terengganu,2016,99.0,652.0,,,
Terengganu,Kuala Terengganu,2017,97.0,604.0,,,
Terengganu,Kuala Terengganu,2018,61.0,487.0,,,
Terengganu,Kuala Terengganu,2019,91.0,485.0,,,
Terengganu,Kuala Terengganu,2020,97.0,571.0,375.4,0.2583910495471497,1.5210442194992009
Terengganu,Kuala Terengganu,2021,78.0,413.0,382.9,0.20370854008879605,1.0786106032906764
Terengganu,Kuala Terengganu,2022,71.0,402.0,387.79999999999995,0.18308406395048996,1.036616812790098
Terengganu,Kuala Terengganu,2023,75.0,341.0,394.6,0.1900658895083629,0.8641662442980232
Terengganu,Marang,2016,43.0,148.0,,,
Terengganu,Marang,2017,29.0,143.0,,,
Terengganu,Marang,2018,26.0,114.0,,,
Terengganu,Marang,2019,30.0,105.0,,,
Terengganu,Marang,2020,29.0,151.0,116.6,0.24871355060034306,1.2950257289879932
Terengganu,Marang,2021,28.0,120.0,119.5,0.23430962343096234,1.00418410041841
Terengganu,Marang,2022,18.0,90.0,121.5,0.14814814814814814,0.7407407407407407
Terengganu,Marang,2023,20.0,82.0,124.2,0.1610305958132045,0.6602254428341384
Terengganu,Setiu,2016,14.0,95.0,,,
Terengganu,Setiu,2017,21.0,88.0,,,
Terengganu,Setiu,2018,24.0,83.0,,,
Terengganu,Setiu,2019,15.0,89.0,,,
Terengganu,Setiu,2020,10.0,68.0,59.7,0.1675041876046901,1.1390284757118927
Terengganu,Setiu,2021,5.0,38.0,60.5,0.08264462809917356,0.628099173553719
Terengganu,Setiu,2022,11.0,40.0,61.5,0.17886178861788618,0.6504065040650406
Terengganu,Setiu,2023,10.0,30.0,62.9,0.1589825119236884,0.4769475357710652
