state,district,cluster,log_pop,students_pc,schools_pc,income_median,income_mean,poverty_absolute,poverty_relative,gini,piped_water,young_male_share,age65_share,male_share,assault_avg,property_avg,assault_expected,property_expected,log_pop_2024,students_pc_2024,schools_pc_2024,income_median_2024
Johor,Batu Pahat,0,6.209595556598647,129.4211055276382,0.35376884422110555,6347.0,7419.0,5.1,19.4,0.338,100.0,0.15115577889447238,0.07055276381909548,0.5256281407035176,0.16399197592778336,0.5827482447342026,0.2883680296814908,1.0438822840744506,6.234606784928881,123.67967065281317,0.34306998627720053,7555.0
Johor,Johor Bahru,2,7.452228422160346,146.94378372106516,0.15663978650577245,8232.0,9869.0,3.7,10.4,0.359,100.0,0.14207808783430992,0.06718106399025352,0.5277020363172246,0.3745713913685094,1.4774519307281646,0.39868018203106736,1.6645050597633284,7.495041818842574,137.38480351286756,0.1506308709910511,8977.0
Johor,Kluang,0,5.7791991139409555,140.79752704791343,0.3616692426584235,5204.0,6461.0,7.2,27.4,0.354,99.7,0.1635239567233385,0.06275115919629057,0.5486862442040186,0.25282409897794517,0.8629831706754784,0.22544798238738303,0.5932596544714129,5.810242385757328,137.24902607132154,0.35061432424333233,6158.0
Johor,Kota Tinggi,0,5.41565585896527,180.39573143619387,0.48910626945309027,6227.0,7529.0,5.0,17.0,0.343,100.0,0.1525122276567363,0.059582036460649176,0.5286794130724767,0.21106420795378802,1.0353254832259497,0.24221824581265233,0.9613265574848323,5.453182077108952,150.20556745182012,0.47109207708779444,6284.0
Johor,Kulai,0,5.796665468802915,110.35540704738762,0.15188335358444716,7460.0,9177.0,0.4,7.4,0.337,100.0,0.1600850546780073,0.07077764277035238,0.5361482381530984,0.23282097649186256,0.7067510548523207,0.2634794928933585,1.1368781064943185,5.861640559271781,163.7631653857102,0.14517506404782238,8406.0
Johor,Mersing,0,4.370712874773608,172.86978508217447,0.606826801517067,4445.0,5426.0,12.7,33.1,0.339,83.5,0.15170670037926676,0.058154235145385584,0.5322376738305943,0.3036053130929791,0.872865275142315,0.17462837332654163,0.5970411335472974,4.394449154672439,167.35802469135803,0.5925925925925926,5335.0
Johor,Muar,0,5.749392985908253,129.70700636942675,0.4140127388535032,5724.0,7572.0,6.1,23.5,0.394,100.0,0.1627388535031847,0.0697452229299363,0.5452229299363057,0.19631124831789756,0.6237631599778358,0.2298051609369798,0.9067094235425612,5.77827132664694,126.04579207920793,0.40222772277227725,7334.0
Johor,Pontian,0,5.15675380222625,166.96428571428572,0.5760368663594471,5616.0,6913.0,5.1,21.1,0.361,100.0,0.1543778801843318,0.06451612903225808,0.5339861751152074,0.20375950638542115,0.740421868273784,0.2369276512018032,0.8152559711717131,5.18122159467179,162.89488476672287,0.5621135469364812,5685.0
Johor,Segamat,0,5.289276621895888,157.48234106962664,0.554994954591322,5318.0,6578.0,7.4,23.3,0.34,98.7,0.15085771947527749,0.06659939455095863,0.5186680121089808,0.23270440251572327,0.8276729559748428,0.227016099681982,0.743815613122256,5.323497665078335,150.81911262798636,0.5411994149195515,6451.0
Johor,Tangkak,0,5.103518288242969,133.12272174969624,0.49210206561360875,5622.0,7093.0,6.9,28.2,0.371,100.0,0.1488456865127582,0.0692588092345079,0.5194410692588093,0.144135942952511,0.5947504172356243,0.22800814018163418,0.7249212268508698,5.132262782217954,127.19598583234946,0.4781582054309327,6374.0
Kedah,Baling,0,4.976043849326636,174.33402346445823,0.5383022774327122,3400.0,4263.0,14.4,19.7,0.347,95.1,0.1483781918564527,0.0779848171152519,0.5113871635610765,0.2627939142461964,1.5145228215767637,0.2676102305182782,1.0009481709063834,4.997887721273753,173.26806212018906,0.5199189736664416,3367.0
Kedah,Kota Setar,2,6.056315519427598,146.4456419868791,0.34208059981255856,4741.276476101219,5904.524835988754,5.346016869728209,9.464854732895969,0.3435482661668228,100.0,0.1429240862230553,0.08856607310215557,0.503045923149016,0.40133583313803606,2.0810874150456993,0.3289296793695027,1.4184362023157502,6.070044647230839,145.53270164085973,0.3374162237115785,5202.696094291657
Kedah,Kuala Muda/Yan,2,6.436631022067698,149.5659138234823,0.29152650969085375,4185.814512253724,5507.324363286882,12.877943296492074,15.309899086977417,0.39064199903892366,99.91182123978858,0.15345186609002082,0.08938010571840461,0.5122537241710715,0.3255646323882749,1.8384590741630629,0.3313145911072637,1.466832374630533,6.470799503782602,143.37616099071207,0.28328173374613,4923.166253869969
Kedah,Kubang Pasu,2,5.520260197285728,158.09771726071287,0.3323988786543853,5201.0,6221.0,3.3,6.1,0.325,99.9,0.13976772126551862,0.08610332398878655,0.4929915899078895,0.2804495292092741,1.2716411865951198,0.3326697542855252,1.3890586897682948,5.5345745570076295,156.63639952625346,0.32767469403868926,5312.0
Kedah,Kulim/Bandar Baharu,2,5.955837369464831,145.4740932642487,0.3082901554404145,4431.297409326426,5511.974870466321,10.531476683937823,11.670569948186529,0.3502411917098446,100.0,0.15155440414507773,0.08782383419689119,0.5113989637305699,0.4147764095917045,1.2255346727154892,0.3239677257431488,1.6406907198382719,5.985949366419872,140.359477124183,0.29914529914529914,5129.852187028658
Kedah,Langkawi,2,4.5685062016165,183.30912863070537,0.3008298755186722,5250.0,6087.0,5.7,5.5,0.302,99.8,0.15248962655601658,0.07572614107883817,0.5155601659751037,0.49270072992700725,2.3070907194994783,0.2655520993318303,1.2697972301651206,4.603168183317418,180.3807615230461,0.2905811623246493,5083.0
Kedah,Padang Terap,0,4.197201947661808,184.58646616541353,0.45112781954887216,3902.0,4858.0,8.9,11.3,0.323,100.0,0.15338345864661654,0.0736842105263158,0.5203007518796993,0.36507339104252917,1.0801656003010915,0.2710148320523409,1.2266172180788544,4.215086179918229,177.57754800590843,0.44313146233382567,3954.0
Kedah,Pendang,0,4.603168183317418,189.18837675350701,0.5210420841683366,3801.0,4986.0,7.3,12.5,0.349,100.0,0.14829659318637275,0.07615230460921844,0.5290581162324649,0.34612490594431905,1.5951843491346878,0.28118583447615303,1.0831327768986103,4.620058798481842,187.4679802955665,0.5123152709359606,4592.0
Kedah,Sik,0,4.22829253473184,167.06997084548107,0.48104956268221577,3703.0,5053.0,4.0,9.4,0.333,100.0,0.1501457725947522,0.07434402332361516,0.5102040816326531,0.10944910616563297,0.565487048522437,0.2673596683051106,1.165307541364488,4.249922794040544,159.67189728958633,0.47075606276747506,4438.0
Kelantan,Bachok,0,5.0795392727434665,173.85189794648414,0.32980709396390795,3625.0,4811.0,12.1,10.4,0.374,47.4,0.14996888612321096,0.06409458618543871,0.4853764779091475,0.2859375,0.9171875,0.19600007683356144,1.0637172156181238,5.1089711948171175,173.22658610271904,0.3202416918429003,4187.0
Kelantan,Gua Musang,0,4.743191483885466,180.41811846689896,0.4268292682926829,3275.0174216027876,4348.818815331011,20.8801393728223,14.991637630662021,0.3604703832752613,89.31184668989548,0.13763066202090593,0.04355400696864112,0.5339721254355401,0.25719267654751526,0.7214472537053183,0.16537135835218086,0.906525492183792,4.802380355275797,172.61083743842366,0.40229885057471265,3825.9113300492613
Kelantan,Jeli,0,4.027135812528651,153.58288770053477,0.37433155080213903,2906.0,3735.0,11.3,17.9,0.35,80.8,0.16934046345811052,0.0499108734402852,0.49910873440285203,0.13434841021047916,0.5732198835647111,0.20436192279461232,0.81906949549874,4.055257173514054,152.98093587521663,0.36395147313691506,3008.0
Kelantan,Kota Bharu,0,6.341240749355558,154.54977973568282,0.2555066079295154,4330.0,5693.0,10.5,7.5,0.384,68.4,0.15330396475770924,0.06801762114537445,0.4995594713656388,0.2286093300906478,1.2911784214017246,0.2679521327715925,1.3776434338998764,6.369387152209746,153.1351721774884,0.24670207298269659,4729.0
Kelantan,Kuala Krai,0,4.673762977453703,189.94397759103643,0.5042016806722689,2763.0,3798.0,22.4,30.6,0.399,70.0,0.13818860877684408,0.06909430438842204,0.5023342670401494,0.20589611605053815,0.5170800187178287,0.1568644210433802,0.7324548367221303,4.71492104994721,183.4856630824373,0.4838709677419355,2994.0
Kelantan,Machang,0,4.735320870453137,144.63564530289727,0.3424056189640035,3429.0,4987.0,12.0,14.6,0.414,68.0,0.14486391571553994,0.07374890254609306,0.49692712906057945,0.17695200176952,0.957752709577527,0.2370074794394433,1.007783015302542,4.75960653929251,143.26478149100257,0.33419023136246784,4156.0
Kelantan,Pasir Mas,0,5.456175451163617,145.6404782237404,0.34585824081981215,3508.0,4602.0,9.0,10.9,0.362,80.3,0.13578138343296328,0.07472245943637916,0.5064047822374039,0.2633832976445396,0.46359743040685225,0.2472371476517874,0.9895081002034061,5.4823042026610525,141.60565723793678,0.3369384359400998,3591.0
Kelantan,Pasir Puteh,0,4.933754249760298,168.45932325413966,0.40316774658027354,3453.0,4712.0,15.9,12.3,0.378,68.5,0.13678905687544995,0.07343412526997839,0.49604031677465804,0.3974706413730804,1.2520325203252032,0.22813768777397886,0.8610325851245555,4.9621450849358215,167.74667599720084,0.3918824352694192,4853.0
Kelantan,Tanah Merah,0,5.03500265054455,150.59206245933638,0.3253090435914119,2991.0,4177.0,17.9,14.7,0.377,70.7,0.1457384515289525,0.06636304489264802,0.5126870527000651,0.23491027732463296,0.8907014681892332,0.20305339643686302,0.6970287102788878,5.0651234793803255,149.08459595959596,0.31565656565656564,3638.0
Kelantan,Tumpat,0,5.21330399222108,151.36635819270552,0.261295590636908,3749.0,4741.0,13.5,11.2,0.367,70.8,0.12901469787697334,0.06804572672836147,0.49537289058247147,0.1940420880021864,0.9401475813063679,0.2620575920810091,0.968526705546064,5.242275975664412,149.60338445267055,0.25383395029085143,3904.0
Kuala Lumpur,Kuala Lumpur,2,7.581311809777079,112.92321027942076,0.14888843565164184,10234.0,13325.0,1.4,12.7,0.38,100.0,0.11355292677952274,0.06761166632673872,0.5306954925555781,0.6762289902691773,2.300518134715026,0.4404115649279305,1.582558338955526,7.634095426897846,109.27545344619105,0.1407496977025393,10029.243126623314
Labuan,Labuan,0,4.5736795188967205,175.71723426212588,0.2889576883384933,6904.0,8250.0,2.5,7.0,0.3,100.0,0.12280701754385964,0.04747162022703818,0.5139318885448916,0.21188630490956073,1.248062015503876,0.227579732004539,1.0263086717455687,4.613138355637268,177.6984126984127,0.2777777777777778,7025.276079986646
Melaka,Alor Gajah,0,5.528635121610247,143.8046068308181,0.3852263701350278,5611.0,7235.0,4.8,14.1,0.343,100.0,0.16521048451151707,0.06433677521842732,0.5154884829229548,0.23500247892910262,0.8140803173029252,0.22783173864866163,1.1371610791018547,5.5626028611934215,144.33397312859884,0.3761996161228407,6308.0
Melaka,Jasin,0,5.0363030408448335,162.5666016894087,0.5523066926575698,5895.0,7145.0,5.5,16.0,0.332,100.0,0.16244314489928524,0.08317089018843404,0.5354126055880442,0.2531645569620253,0.8617332035053553,0.2811189541021628,1.0846810240053446,5.052416828111211,164.48209718670077,0.5434782608695652,6401.0
Melaka,Melaka Tengah,2,6.401585466752341,148.735899137359,0.22229595222295953,6557.0,8593.0,3.7,12.2,0.383,100.0,0.13122096881220968,0.06287325812873258,0.5250497677504977,0.35526479234814295,1.3477702786634094,0.36643483378883085,1.4269310459743978,6.445561076627883,144.88172725829497,0.21273217971106526,7415.0
Negeri Sembilan,Jempol/Jelebu,0,5.158480421360237,161.07533064979876,0.5692926969522715,3778.348476135711,4740.703277745831,7.813628522139161,23.956584243818284,0.3296687751581369,98.69539965497412,0.10983323749281196,0.0943070730304773,0.520414031052329,0.3758427772199111,1.04145746664754,0.27894204552389557,1.175510181687042,5.192401140956488,154.7637576431351,0.5503057254030017,4134.531962201223
Negeri Sembilan,Kuala Pilah,1,4.254193263163997,174.27556818181816,0.8948863636363635,3471.0,4509.0,6.8,31.5,0.346,100.0,0.1278409090909091,0.08948863636363635,0.5113636363636364,0.23750443105281813,1.453385324353066,0.2490033445916054,0.8564504953467578,4.280824129164719,173.45781466113417,0.8713692946058091,3996.0
Negeri Sembilan,Port Dickson,0,4.86830338551846,179.7770945426595,0.48424289008455035,4805.0,6054.0,4.9,13.8,0.345,100.0,0.1491160645657187,0.06072252113758648,0.5295926210607226,0.3727901614142967,1.4584934665641816,0.27459783612828753,0.9883173174841056,4.906755163608864,174.20857988165682,0.4659763313609468,5342.0
Negeri Sembilan,Rembau,1,3.86702563949741,215.85774058577408,0.8577405857740587,4655.0,5544.0,3.0,19.0,0.344,100.0,0.15481171548117156,0.09205020920502094,0.5062761506276151,0.27225130890052357,1.0157068062827226,0.23416032750273902,1.2169129592837507,3.8979240810486444,215.9634888438134,0.8316430020283976,4894.0
Negeri Sembilan,Seremban,2,6.5466419284444735,153.1496627923662,0.23245802841153682,6384.0,7900.0,3.0,7.5,0.354,100.0,0.12943033433778162,0.06571961543980485,0.5145644999282537,0.3980937365629927,1.344775691557976,0.33653067725244634,1.5286242892088713,6.568499170984308,154.8111750666854,0.22743226168749123,6472.0
Negeri Sembilan,Tampin,0,4.486386649998124,167.66891891891893,0.5743243243243243,4012.0,5097.0,7.3,21.5,0.347,100.0,0.11486486486486486,0.08445945945945946,0.5292792792792793,0.19690576652601968,0.9760900140646976,0.3030997659902804,1.0378620374483247,4.505349850705881,163.49171270718233,0.56353591160221,4367.0
Pahang,Bentong,2,4.75960653929251,146.3153384747215,0.47986289631533846,4691.0,5563.0,2.8,0.0,0.244,98.9,0.15167095115681234,0.07455012853470437,0.5638389031705227,0.3818259385665529,1.5955631399317405,0.29527080411249834,0.7863348086877112,4.797442073635214,141.17986798679868,0.46204620462046203,5015.0
Pahang,Bera,0,4.594109238628667,144.55005055611727,0.5156723963599595,3866.0,4567.0,8.5,10.0,0.256,98.7,0.1435793731041456,0.07583417593528817,0.531850353892821,0.2885345482156416,0.9162237408251075,0.22582235007208096,1.04910690061007,4.61512051684126,142.25742574257427,0.504950495049505,4269.0
Pahang,Cameron Highlands,0,3.6686767467964168,142.39795918367346,0.7142857142857142,5221.0,6265.0,1.9,0.0,0.272,94.5,0.16326530612244897,0.07908163265306122,0.5637755102040817,0.3934010152284264,0.6789340101522843,0.26179684523064045,1.2443501458014334,3.7954891891721947,125.73033707865169,0.6292134831460674,5655.0
Pahang,Jerantut,0,4.574710978503383,163.42268041237114,0.6494845360824743,3781.0,4537.0,8.6,15.3,0.29,97.4,0.13917525773195877,0.06804123711340206,0.5298969072164949,0.23483870967741935,0.9806451612903225,0.2570340579951798,0.8962491315808968,4.604169685654508,166.28628628628627,0.6206206206206206,4231.0
Pahang,Kuantan,0,6.324179734851483,155.6640975085141,0.24377128517655494,5926.0,6938.0,4.1,5.0,0.306,99.9,0.13102706578239828,0.0659616418713031,0.5192686861444703,0.23042716615011452,1.116201769752504,0.3018301127068981,1.2036746850699305,6.347564325670818,155.92015408860095,0.23638592190509541,5520.0
Pahang,Lipis,0,4.583946549536464,150.29622063329927,0.7048008171603677,4115.0,4959.0,9.2,8.6,0.28,84.3,0.14708886618998976,0.05720122574055159,0.5280898876404494,0.14826175869120656,0.65439672801636,0.20395205701593816,0.6946530050082411,4.626931677769604,146.37964774951075,0.675146771037182,4611.0
Pahang,Maran,0,4.742320024135325,162.43243243243242,0.6190061028770706,4319.0,5036.0,8.8,12.1,0.288,100.0,0.13862249346120314,0.061900610287707054,0.5204882301656495,0.18360655737704917,1.0557377049180328,0.22622545485755027,0.8243570277988685,4.77912349311153,158.48739495798318,0.5966386554621849,4470.0
Pahang,Pekan,0,4.816241156068032,172.10526315789474,0.5101214574898786,4053.0,4780.0,11.6,15.4,0.303,96.7,0.18137651821862347,0.049392712550607294,0.5368421052631579,0.19667477696674776,0.9083536090835361,0.24509996624136213,0.8379164287081472,4.850466541943434,171.73708920187795,0.49295774647887325,4344.0
Pahang,Raub,0,4.572646994282532,128.20247933884298,0.5681818181818182,4375.0,5445.0,2.3,1.1,0.257,100.0,0.13636363636363635,0.07747933884297521,0.5268595041322314,0.19860717049264895,0.6912561258705184,0.20734233001798275,0.7850685719672973,4.607168188650764,124.1816367265469,0.5489021956087824,4427.0
Pahang,Rompin,0,4.609162207257629,211.22509960159363,0.6175298804780877,4148.0,5103.0,12.0,14.9,0.329,97.0,0.14243027888446216,0.054780876494023904,0.5418326693227091,0.3493885700024956,0.9059146493636137,0.21953102744443412,1.215863046640325,4.633757642840004,209.65986394557822,0.6025267249757046,4760.0
Pahang,Temerloh,0,5.1440000061636795,171.03267211201867,0.5075845974329055,4283.0,5180.0,6.6,8.7,0.291,100.0,0.12368728121353557,0.07292882147024504,0.514585764294049,0.30241051862673485,0.9116143170197224,0.23365758638078307,0.9952543495048468,5.180659323079804,165.65241844769403,0.48931383577052867,4595.0
Perak,Batang Padang,0,4.8338981155962015,154.1447891805887,0.6523468575974543,3953.0,5178.0,13.3,18.1,0.37,94.9,0.1400159108989658,0.09864757358790771,0.5369928400954653,0.21903624054161688,0.7945041816009558,0.2509836160427109,0.7540937212350349,4.842611042003125,150.93059936908517,0.6466876971608833,4339.0
Perak,Hilir Perak,0,5.414321042304343,135.63668744434548,0.6188780053428317,4153.929207479964,5187.24354407836,13.920569902048086,21.383926981300085,0.379373552983081,99.99999999999999,0.15449688334817452,0.09795191451469278,0.5382902938557435,0.40203787794883156,1.3733525307343006,0.23781019398111086,0.6967358863574904,5.4169888962655355,133.57904085257547,0.6127886323268206,4268.11811722913
Perak,Hulu Perak,1,4.563305981889393,182.40875912408757,0.7299270072992701,3467.0,4891.0,16.3,18.5,0.399,95.4,0.13972888425443167,0.07924921793534932,0.5172054223149114,0.16692749087115286,0.6077203964527909,0.20868543065897907,0.8115152862304077,4.589040804058207,178.6382113821138,0.7113821138211381,3701.0
Perak,Kampar,0,4.58700621536042,135.84521384928718,0.4684317718940937,4347.0,5087.0,4.7,10.3,0.306,98.7,0.15274949083503053,0.11710794297352342,0.5091649694501018,0.18776960162395331,0.794214666328343,0.29042028518922347,0.7780035508058842,4.604169685654508,135.84521384928718,0.4604604604604604,4538.0
Perak,Kerian,0,5.120983351265121,173.23582089552238,0.5432835820895522,3996.0,5276.0,8.7,18.9,0.364,100.0,0.14149253731343284,0.09253731343283582,0.5134328358208955,0.28051327961802447,0.8042375410325275,0.29156084016719425,1.0212112634850103,5.1328529268205045,168.13569321533924,0.5368731563421829,4554.0
Perak,Kinta,2,6.7977171737732,124.05559276624247,0.22326412145568209,5037.0,6308.0,3.8,9.4,0.358,100.0,0.12614422862246039,0.10035722259432911,0.5164099129269927,0.35765060073035426,1.1259164273966493,0.37275127335019476,1.2077581070460308,6.827629234502852,132.28385698808233,0.21668472372697725,5136.0
Perak,Kuala Kangsar,0,5.174453379325651,160.99603848330506,0.6395019807583475,3813.0,5176.0,13.0,17.2,0.391,99.6,0.14035087719298245,0.09451046972269384,0.5059422750424449,0.2813118461973424,0.6714729997172746,0.2535328747655843,0.8701998661078163,5.192401140956488,156.38688160088938,0.6336853807670928,3977.0
Perak,Larut/Matang/Selama,0,5.727173427446777,152.94041028980786,0.47867144252686417,3989.006512536633,5292.040052100293,8.761869098013676,14.905535656138067,0.3575854770433084,97.51012699446434,0.12471507652230542,0.10680560078150438,0.5151416476717682,0.37136574639628633,0.9780926785568856,0.3129474897300375,0.9180608270730527,5.7477993600729755,148.40510366826157,0.4688995215311005,4728.922807017545
Perak,Manjung,0,5.519859636495273,159.6915064102564,0.40865384615384615,5135.0,6318.0,3.8,11.1,0.354,100.0,0.1466346153846154,0.07491987179487179,0.5356570512820512,0.2702702702702703,0.918918918918919,0.29952407487953614,0.9202486019702906,5.542047551470635,155.88557993730407,0.3996865203761756,5380.0
Perak,Muallim,0,4.356708826689592,167.64102564102564,0.5128205128205128,5015.0,6122.0,9.2,14.8,0.359,100.0,0.18461538461538463,0.06794871794871794,0.47820512820512817,0.20244215938303342,0.8643958868894602,0.1930035254921703,0.6983209723285991,4.37197629882038,172.46212121212122,0.5050505050505051,4856.0
Perak,Perak Tengah,1,4.560172820057356,189.7071129707113,0.7845188284518829,4564.0,5956.0,11.1,17.3,0.391,100.0,0.17259414225941425,0.07740585774058578,0.5146443514644352,0.23012552301255232,0.9440376569037657,0.2051403034500879,0.729152215066996,4.593097604753822,188.24898785425103,0.7591093117408907,4685.0
Perlis,Perlis,0,5.669191029886582,153.27812284334024,0.35886818495514144,4713.0,5664.0,4.0,12.6,0.336,100.0,0.16390614216701171,0.08040027605244997,0.4989648033126294,0.2752293577981651,1.1701575212047775,0.26425356997689914,1.21002120740698,5.693058511293225,155.15161725067384,0.3504043126684636,4794.040945948709
Pulau Pinang,Barat Daya,2,5.478970866241294,118.95659432387312,0.20868113522537562,7247.0,9254.0,1.4,9.0,0.357,100.0,0.12854757929883137,0.0667779632721202,0.5058430717863105,0.31145833333333334,1.2083333333333333,0.36189461185552874,1.379711570447969,5.514234872770507,117.01853344077358,0.20547945205479454,8919.0
Pulau Pinang,Seberang Perai Selatan,2,5.22305488204749,164.53369272237197,0.3018867924528302,6231.0,7472.0,3.1,18.2,0.36,100.0,0.12884097035040432,0.053369272237196765,0.5040431266846361,0.4536887452880991,1.2762520193861067,0.2816493605699416,1.3552119881023144,5.236973736306985,162.32854864433813,0.29771398192450826,6822.0
Pulau Pinang,Seberang Perai Tengah,2,6.046899253996083,137.7507095553453,0.20340586565752128,6220.0,8056.0,2.4,16.6,0.377,99.9,0.14853358561967833,0.065279091769158,0.5290917691579943,0.6014462931389264,1.9683696866364864,0.3006025753638918,1.1737535106923112,6.094021135433074,130.11507220216606,0.194043321299639,6892.0
Pulau Pinang,Seberang Perai Utara,2,5.832761855912661,166.97333723996485,0.28127746850278346,6103.0,7330.0,3.7,18.7,0.35,100.0,0.13302080281277467,0.06944037503662466,0.507764430120129,0.41191103306994437,1.6432543166520337,0.3848292312003662,1.4169126648945078,5.860786223465865,162.07122507122506,0.27635327635327633,6810.0
Pulau Pinang,Timur Laut,2,6.313185661783185,103.9833272924973,0.1993475897064154,6714.0,8727.0,0.7,14.5,0.38,100.0,0.1324755346139906,0.0927872417542588,0.5061616527727438,0.5927325058463753,1.5776218744378485,0.36069779873208907,1.3193969376194228,6.3454609068409535,97.6978417266187,0.1859975434286717,7745.0
Putrajaya,Putrajaya,0,4.762173934797756,291.2649572649573,0.23076923076923078,10056.0,13473.0,0.1,11.4,0.368,100.0,0.07692307692307693,0.016239316239316237,0.49230769230769234,0.09561060408518036,0.7214254671881791,0.26581477923367847,1.1199097498663677,4.789988622980633,314.3557772236077,0.22443890274314215,10104.96298600655
Sabah,Beaufort,1,4.603168183317418,187.65531062124248,0.9819639278557114,3891.900801603206,4761.652304609218,19.277555110220444,15.414829659318638,0.3346753507014028,91.53356713426854,0.14729458917835672,0.059118236472945895,0.5150300601202404,0.09737827715355805,0.5268414481897628,0.12106748045790627,0.6423752424929371,4.626931677769604,184.73581213307241,0.9589041095890412,3946.6666666666665
Sabah,Beluran,0,4.993149979755236,140.9158751696065,0.6037991858887382,3213.4341926729994,4425.354138398916,38.13697421981005,25.122795115332433,0.368819538670285,63.89525101763908,0.18588873812754408,0.05223880597014925,0.5400271370420624,0.11863568956994561,0.2998846597462514,0.14989776051411002,0.4733167409203195,5.112590016619249,126.4358819987959,0.5358217940999398,4184.827212522578
Sabah,Keningau,1,5.368309738368072,212.91841491841492,0.6853146853146853,4381.743123543124,5718.3090909090915,18.463310023310026,10.792494172494175,0.34988764568764574,81.06554778554778,0.14871794871794872,0.06573426573426573,0.517016317016317,0.10867025005842487,0.4592194437952793,0.1782555668450668,0.9422758896511341,5.403127730900382,206.16839261593876,0.6618640252138676,4747.92886087348
Sabah,Kinabatangan,0,4.9279780604152466,65.29326574945692,0.25343953656770457,4162.0,5543.0,28.9,18.2,0.392,78.7,0.23026792179580013,0.03258508327299059,0.556118754525706,0.09899239879794944,0.41011136644864765,0.20040192979135468,0.7652119537789939,5.101694025043223,55.70298234936092,0.21302495435179547,4897.0
Sabah,Kota Belud,1,4.684905154006945,189.4459833795014,0.6094182825484765,3429.0,4949.0,27.8,29.8,0.425,72.7,0.14219759926131118,0.05817174515235457,0.5023084025854109,0.11992619926199262,0.5027675276752768,0.13379872471432921,0.4693321880854424,4.707726774313183,185.92057761732852,0.5956678700361011,3512.0
Sabah,Kota Kinabalu,2,6.216206819785889,137.8773961661342,0.16373801916932906,5957.0,8388.0,10.3,8.0,0.431,93.9,0.15595047923322683,0.06809105431309904,0.512979233226837,0.20016804230712204,1.8949241338407552,0.25099431622630985,1.5021363421815006,6.303717273493968,128.79436516648371,0.1500182949140139,5896.0
Sabah,Kota Marudu,1,4.685828089005546,255.33210332103323,0.7103321033210332,2557.2546125461254,3815.940036900369,50.86346863468635,41.2559963099631,0.4076448339483395,79.87952029520295,0.14391143911439117,0.06734317343173434,0.5129151291512914,0.11332099907493062,0.5527289546716004,0.1873141629564174,0.6076471838761104,4.721173861744398,244.68388245770257,0.6856634016028494,2845.3775601068564
Sabah,Kudat,1,4.469350462845557,226.96449026345934,0.8018327605956472,2994.0,4049.0,34.7,32.5,0.369,91.0,0.15005727376861397,0.06529209621993128,0.5074455899198167,0.11989723094490437,0.316871253211533,0.1067153313192703,0.45511737996013846,4.533674184283021,213.44790547798067,0.7518796992481204,3249.0
Sabah,Kunak,0,4.216562194946349,128.6283185840708,0.26548672566371684,4480.0,5838.0,25.4,13.9,0.352,95.5,0.19911504424778761,0.04424778761061947,0.5398230088495576,0.09646302250803859,0.5251875669882101,0.16292830171929717,0.7164706638676286,4.377014092850337,112.37437185929649,0.22613065326633167,4539.0
Sabah,Lahad Datu,0,5.424509391785796,135.96297928602908,0.23358307624504188,4457.0,5995.0,23.5,14.6,0.388,90.5,0.18245923314235346,0.05332745702952842,0.5310709563684443,0.12455707076130142,0.6442607108343177,0.11340847380734813,0.8293650871814422,5.536546555280287,125.28368794326241,0.20882584712371946,5526.0
Sabah,Papar,0,5.027820118850356,154.29226736566187,0.3931847968545216,4871.0,5980.0,16.2,10.5,0.341,95.6,0.15530799475753607,0.047837483617300135,0.5327653997378768,0.17394158188382017,0.6662290777814244,0.1505152562408742,1.0145298214394132,5.052416828111211,155.88874680306904,0.3836317135549872,5177.0
Sabah,Penampang,0,5.448460024977756,103.58003442340792,0.14629948364888126,6096.466437177281,7377.552495697075,8.546127366609296,6.284853700516352,0.3362530120481928,96.94044750430294,0.15662650602409642,0.06454388984509467,0.5266781411359724,0.1445086705202312,0.9858702633269106,0.20091585364236667,0.9564354572292231,5.474788509663815,104.73176865046102,0.14668901927912825,6230.750209555742
Sabah,Ranau,1,4.457829598089382,237.35805330243338,0.9501738122827347,4058.0,5270.0,25.4,21.1,0.375,47.4,0.1436848203939745,0.07184241019698726,0.5156431054461182,0.11004923255140457,0.6689834926151172,0.16492892492676975,0.5051074360794354,4.484131857611035,230.92550790067722,0.925507900677201,3470.0
Sabah,Sandakan,0,6.076035448558252,111.14403859407305,0.19756489777165173,4828.0,6030.0,17.7,10.0,0.347,97.0,0.1683896163565357,0.06064782908339076,0.5161957270847691,0.1091789070853734,1.0872868478811413,0.17969442884834178,1.299335582511323,6.213407377845673,96.6279535442531,0.17420905086103325,5314.0
Sabah,Semporna,0,5.108366782589591,162.0253929866989,0.3022974607013301,4093.0,5098.0,28.0,16.9,0.341,71.8,0.17351874244256346,0.04534461910519951,0.5126964933494559,0.19752358490566038,1.1291273584905661,0.1447588974928799,0.5585478747319867,5.295312857527738,131.64493480441323,0.25075225677031093,4059.0
Sabah,Sipitang,1,3.6402142821326553,163.0971128608924,0.7611548556430446,4182.0,5479.0,22.1,15.1,0.36,93.7,0.1443569553805774,0.05511811023622047,0.5223097112860892,0.0981675392670157,0.8900523560209423,0.11094678178300588,0.3504352088180107,3.7013019741124933,154.2962962962963,0.7160493827160493,4606.0
Sabah,Tawau,0,6.031165913959534,117.23930802498798,0.19942335415665544,4687.6054781355115,6160.823642479576,16.516146083613645,13.541278231619412,0.385760691975012,98.4,0.17851994233541563,0.057184046131667464,0.524026910139356,0.1305085737695324,1.2371978697255224,0.1280102022457304,1.0638369682080122,6.157614376902071,105.47109887783188,0.17573576116874867,4659.606182511116
Sabah,Tenom,1,3.9512437185814275,213.05769230769232,1.0,4045.0,5217.0,15.8,12.4,0.336,50.9,0.14615384615384613,0.06923076923076922,0.5134615384615384,0.15399422521655437,0.5871029836381135,0.14486383577475453,0.649206730068099,3.9852734671677386,203.4200743494424,0.966542750929368,4161.0
Sabah,Tuaran,1,4.920710586568268,194.59518599562364,0.6199854121079504,3921.0,5166.0,25.8,19.2,0.366,76.5,0.14587892049598833,0.06053975200583517,0.5083880379285194,0.06735845621700347,0.40050973966866926,0.12999040556317656,0.43857797808537047,4.95723451736914,197.6652601969058,0.5977496483825598,4277.0
Sarawak,Bau,1,3.9721769282478934,188.98305084745763,0.8286252354048964,4735.0,5621.0,8.3,18.7,0.36,92.1,0.13559322033898302,0.09981167608286252,0.5178907721280602,0.19321394910461828,0.758718190386428,0.2017646137770124,1.2900792681541562,3.9852734671677386,179.53531598513013,0.8178438661710038,4885.0
Sarawak,Belaga,1,3.1179499062782403,169.5132743362832,0.6194690265486725,3587.0,4239.0,19.5,28.1,0.33,48.5,0.15929203539823006,0.030973451327433624,0.5707964601769911,0.19867549668874174,0.9271523178807948,0.21910519769408465,0.7495520043815338,3.1179499062782403,189.02654867256635,0.6194690265486725,3977.0
Sarawak,Betong,1,3.597312260588446,364.2191780821918,1.4794520547945205,3685.0,4422.0,9.8,21.3,0.305,95.8,0.11506849315068493,0.10684931506849314,0.5178082191780822,0.28101439342015083,1.8779986291980812,0.2498182172052189,1.1537435211905438,3.6109179126442243,352.81081081081084,1.4594594594594594,4074.0
Sarawak,Bintulu,2,5.191288793789513,179.85531441291042,0.20589872008903728,8567.0,9645.0,3.5,1.9,0.318,96.8,0.1513633834168058,0.03450194769059544,0.5392320534223707,0.20957668285912562,1.7890353920888271,0.23306912505376656,1.3686238846910772,5.241747015059643,169.8148148148148,0.20105820105820105,8317.0
Sarawak,Dalat,1,3.054001181677967,235.04716981132077,1.3679245283018868,4057.0,4841.0,11.1,19.0,0.315,89.7,0.12735849056603774,0.1037735849056604,0.5141509433962265,0.12941176470588237,0.36470588235294116,0.19892864798053517,1.0345959172322763,3.077312260546414,218.61751152073734,1.336405529953917,4614.0
Sarawak,Julau,1,3.4339872044851463,160.96774193548387,1.1935483870967742,3101.8838709677416,3743.251612903226,24.356129032258064,38.04387096774194,0.3428,67.18064516129031,0.12580645161290321,0.0967741935483871,0.5096774193548387,0.1293451899757478,0.2586903799514956,0.12466483001854217,0.5484715034190638,3.4436180975461075,147.22044728434506,1.182108626198083,3503.76357827476
Sarawak,Kanowit,1,3.202746442938317,209.95934959349592,1.5447154471544715,2648.0,3711.0,24.9,45.7,0.386,77.8,0.10975609756097561,0.1138211382113821,0.5,0.12133468149646107,0.2831142568250758,0.22246313975841875,0.8957731257083454,3.2188758248682006,191.24,1.52,3511.0
Sarawak,Kapit,1,3.8416005411316,237.01716738197425,1.0729613733905579,2912.266094420601,3931.5922746781116,17.832618025751074,38.19012875536481,0.3506008583690987,49.332618025751074,0.12017167381974247,0.07510729613733905,0.5257510729613734,0.12345679012345678,0.5206655931293612,0.20494843670921942,0.747120776863554,3.8607297110405954,201.32631578947368,1.0526315789473684,3109.4842105263156
Sarawak,Kuching,2,6.4229222354904,161.32510555375123,0.30367002273465415,5968.0,7588.0,9.1,10.1,0.376,99.5,0.13445924001299123,0.08671646638519,0.5043845404352063,0.37538636733365865,2.46705710102489,0.35247621843283344,1.7998865219422666,6.437751649736401,142.0672,0.2992,5979.0
Sarawak,Lawas,1,3.616308761279101,188.11827956989245,0.9408602150537634,3183.0,4476.0,18.1,33.7,0.406,65.0,0.12365591397849461,0.08064516129032258,0.5080645161290321,0.18194070080862532,0.6132075471698113,0.10807358579001278,0.503187026070164,3.6402142821326553,180.94488188976376,0.9186351706036745,3929.0
Sarawak,Limbang,1,3.8199077165203406,190.63596491228068,0.8771929824561403,4023.0,5148.0,14.6,20.5,0.351,87.6,0.12719298245614036,0.07456140350877193,0.513157894736842,0.12081274025260846,0.49423393739703464,0.1606799127086519,0.7998677305494012,3.8394523125933104,174.7311827956989,0.8602150537634409,4060.0
Sarawak,Lubok Antu,1,3.202746442938317,171.66666666666666,1.2195121951219512,3548.0,4129.0,14.8,32.7,0.352,90.1,0.1016260162601626,0.14634146341463414,0.5040650406504065,0.27411167512690354,0.6192893401015228,0.20073183792965368,1.134927319332865,3.202746442938317,157.23577235772356,1.2195121951219512,4169.0
Sarawak,Lundu,1,3.520460802488973,194.23076923076925,1.0059171597633136,3692.0,4935.0,13.1,23.2,0.352,63.6,0.13313609467455623,0.09171597633136096,0.5325443786982249,0.2514792899408284,1.4349112426035504,0.13514277911477773,0.6304660697638946,3.5380565643793527,185.49418604651163,0.9883720930232559,3918.0
Sarawak,Maradong,1,3.0204248861443626,267.0243902439024,1.8048780487804879,3259.0,4117.0,19.5,36.4,0.362,96.7,0.12195121951219512,0.0878048780487805,0.49756097560975604,0.3663003663003663,1.4163614163614162,0.167659864392657,0.6787312647763792,3.0349529867072724,248.1730769230769,1.7788461538461537,3472.0
Sarawak,Marudi,1,4.162003210695915,162.44548286604362,1.32398753894081,4104.816199376948,4970.361370716512,11.37881619937695,19.831464174454833,0.32171651090342684,69.01619937694706,0.15109034267912771,0.07165109034267912,0.5342679127725856,0.2125193199381762,0.8500772797527048,0.15388414533900116,0.8681926826010462,4.136765278106052,126.88498402555912,1.3578274760383389,4378.782747603834
Sarawak,Matu/Daro,1,3.58351893845611,203.19444444444446,1.2222222222222223,3364.3444444444444,4365.266666666666,27.17,32.81444444444444,0.3798888888888889,85.14111111111112,0.13333333333333333,0.07777777777777778,0.5388888888888889,0.0693000693000693,0.6652806652806652,0.15137356299631582,0.849935076023169,3.594568774642695,210.3846153846154,1.208791208791209,3844.296703296703
Sarawak,Miri,0,5.729450221404779,169.44444444444443,0.3183885640025991,6218.223521767381,7648.448343079922,6.0057829759584145,7.471085120207927,0.341816114359974,92.78115659519167,0.14489928525016244,0.0682261208576998,0.5282651072124757,0.263477908390758,1.5103364410214837,0.27055730700680736,1.554673120453951,5.741720313996593,168.395378690629,0.3177150192554557,6409.597240051348
Sarawak,Mukah,0,4.133565275375382,133.30128205128204,0.5128205128205129,4107.003205128205,5377.11858974359,15.785897435897436,26.693910256410255,0.3882323717948718,72.55448717948718,0.13461538461538464,0.07692307692307693,0.5224358974358974,0.13194722111155538,0.6837265093962415,0.17752830835517053,0.8293512468287707,4.143134726391533,175.52380952380952,0.5079365079365079,4843.928571428572
Sarawak,Samarahan,0,5.121580188047982,161.90334128878283,0.35799522673031026,5541.19570405728,6600.920047732697,9.934606205250597,9.385680190930788,0.31932040572792364,100.0,0.15871121718377088,0.058472553699284016,0.48985680190930786,0.2525935949481281,1.7877010975793113,0.1684559604793619,1.0609634579921396,5.138148614395215,158.15727699530518,0.363849765258216,6307.521126760565
Sarawak,Saratok,1,4.117409835153097,150.814332247557,0.9771986970684038,3478.3078175895766,4040.127035830619,10.907817589576547,21.87296416938111,0.27641530944625403,85.87214983713355,0.10586319218241041,0.09609120521172639,0.5032573289902279,0.07320048800325335,0.6750711671411143,0.1896888020250363,0.8878441897587903,4.138361447638875,138.91547049441786,0.9569377990430622,3368.9186602870814
Sarawak,Sarikei,1,3.9569963710708773,204.97131931166348,0.9560229445506693,3493.5602294455066,5225.053537284894,20.8697896749522,30.558891013384322,0.43162906309751436,96.05047801147228,0.12237093690248567,0.09560229445506693,0.5066921606118547,0.15774378585086044,1.6204588910133844,0.17024076326072962,0.6557268751986727,3.9684033388642534,184.65028355387525,0.945179584120983,4549.854442344045
Sarawak,Serian,0,4.712229258281499,152.6145552560647,0.7637017070979335,3734.1662174303688,4585.654986522912,17.395956873315363,27.564510332434864,0.33749865229110515,76.63009883198563,0.12219227313566938,0.1078167115902965,0.5103324348607368,0.19554956169925827,0.8136659923578332,0.18587952775088556,0.9769367531044062,4.730039168033961,221.29744042365402,0.7502206531332745,3842.012356575463
Sarawak,Sibu,0,5.517452896464707,193.3734939759036,0.5542168674698795,5248.0,6645.0,10.2,14.8,0.374,98.1,0.14016064257028113,0.08755020080321285,0.5136546184738956,0.28869286287089013,2.0128307939053727,0.2877412614572503,1.4650257213098479,5.542830943598439,172.45497259201252,0.5364134690681284,5737.0
Sarawak,Simunjan,1,3.597312260588446,204.32876712328766,1.452054794520548,3196.0,3917.0,17.9,33.8,0.314,70.5,0.1232876712328767,0.10684931506849316,0.5232876712328768,0.1643835616438356,0.8835616438356164,0.16252949528457888,0.49233975885184544,3.6109179126442243,189.0810810810811,1.4324324324324325,3347.0
Sarawak,Song,1,2.302585092994046,266.1,2.0,2926.0,3477.0,15.8,41.2,0.322,29.8,0.1,0.11000000000000001,0.49000000000000005,0.3980099502487562,0.5472636815920398,0.21975261766629978,0.850028165253611,2.33214389523559,245.7281553398058,1.9417475728155338,3052.0
Sarawak,Sri Aman,0,4.11251186617755,147.430441898527,0.6873977086743044,3704.0,4881.0,8.9,28.4,0.395,84.7,0.12274959083469722,0.1276595744680851,0.5171849427168577,0.22049816251531237,1.3760718660677826,0.2383469189772203,0.883089061038701,4.115779842942166,138.84176182707995,0.66884176182708,3052.0
Sarawak,Tatau/Sebauh,0,4.11251186617755,96.9558101472995,0.40916530278232405,4616.019639934533,5380.294599018003,5.3761047463175125,15.433551554828151,0.303,66.08134206219313,0.13911620294599017,0.0425531914893617,0.5548281505728314,0.05273833671399594,0.2434077079107505,0.21574478603427283,0.8331232292864528,4.146304301152812,93.71835443037975,0.39556962025316456,4521.422468354431
Selangor,Gombak,2,6.856672488752821,130.36308145653547,0.10945064197011155,10180.0,13523.0,2.4,13.8,0.392,100.0,0.12649968427699432,0.07040623026731214,0.5202062723637129,0.4360617841756856,1.4912787643164862,0.4814388432440484,1.7922153193093102,6.887450525641773,128.75395448515155,0.10613327890601082,10777.0
Selangor,Klang,2,6.9976873864827445,143.59473539895805,0.12064710721140665,8203.0,10278.0,2.2,20.3,0.347,100.0,0.13554519696554249,0.07604423727264419,0.5393474088291748,0.5732875309962009,1.508064699592784,0.3844224149431202,1.3278484938223571,7.0687680748298405,134.44368775006384,0.11151783434068273,8837.0
Selangor,Kuala Langat,2,5.750984076140496,166.5691573926868,0.23529411764705882,10093.0,11048.0,0.3,9.4,0.277,100.0,0.12432432432432433,0.06772655007949126,0.5224165341812401,0.44070768249920306,1.1348422059292318,0.3512247966457876,1.4486038366211034,5.788123623089952,179.29534313725492,0.23284313725490197,10583.0
Selangor,Kuala Selangor,2,5.661570625846892,185.37204450625867,0.3164116828929068,7644.0,9410.0,2.8,25.2,0.346,100.0,0.1258692628650904,0.06571627260083449,0.5100834492350486,0.32851167654234925,1.3245033112582782,0.4293966971039058,1.4278907220944244,5.698434868329605,187.19839142091155,0.3016085790884719,8046.0
Selangor,Petaling,2,7.742749183770319,109.96485595279415,0.0971884762235335,9618.0,12760.0,1.6,14.9,0.392,100.0,0.13116105518917043,0.07827143353002429,0.5292867060048594,0.5021992154150412,1.7832557033706895,0.4321167790797744,1.5562456575565102,7.7662897712953285,106.5482900368691,0.09535110395389246,10688.0
Selangor,Sabak Bernam,0,4.681204872264089,203.90176088971268,0.593141797961075,5533.0,6930.0,5.3,42.6,0.321,100.0,0.12418906394810007,0.06580166821130676,0.5199258572752549,0.3613620569840167,1.3944869122075516,0.26278088888721607,1.3138495652447661,4.703203926259457,195.14052583862195,0.5802357207615594,6941.0
Selangor,Sepang,2,5.803627809625917,143.7707390648567,0.1568627450980392,12608.0,13673.0,0.0,3.4,0.229,100.0,0.13453996983408748,0.06576168929110106,0.5339366515837104,0.38670284938941657,1.4676616915422886,0.3504620524069645,1.1226346523188504,5.849324779946859,150.59942363112393,0.15273775216138327,11131.0
Selangor,Ulu Langat,2,7.253682674374105,121.22196278214109,0.0926908653505979,11210.0,13386.0,0.5,7.0,0.326,100.0,0.12870586570437983,0.07669992216797566,0.5273473430977146,0.5226382468151181,1.6667254825846067,0.4753150860475577,1.6111233909793272,7.318539548567902,115.87334217506631,0.08687002652519894,11404.0
Selangor,Ulu Selangor,2,5.506956231659364,173.12094155844156,0.275974025974026,7678.0,8779.0,1.7,23.9,0.297,100.0,0.12743506493506493,0.0689935064935065,0.5296266233766234,0.4355329949238579,1.401015228426396,0.3277130614987508,1.2513852917544162,5.554121700101795,166.28339140534263,0.26325977545489737,8485.0
Terengganu,Besut,0,5.070789216916003,217.81544256120526,0.4770872567482737,4743.0,6285.0,12.7,11.3,0.33,93.8,0.1431261770244821,0.06277463904582548,0.5084745762711864,0.29546531837573076,1.5610680992257862,0.19575748822254174,1.0205520276679483,5.108366782589591,213.03506650544134,0.45344619105199513,5820.0
Terengganu,Dungun,0,5.090678001769792,196.92307692307693,0.4430769230769231,6356.0,7902.0,2.2,2.4,0.308,99.4,0.14953846153846154,0.048,0.5138461538461538,0.1190844416950201,1.1738323538509123,0.17075854229687865,1.1429868511375676,5.123368564083496,194.63371054198927,0.42882668254913636,7156.0
Terengganu,Hulu Terengganu,1,4.280824129164719,224.03872752420472,0.9128630705394192,5090.0,5821.0,10.8,16.2,0.293,99.4,0.1438450899031812,0.08298755186721991,0.5311203319502075,0.2608695652173913,1.2278260869565218,0.22695186021525746,0.8376980995834697,4.312140507209715,221.78284182305632,0.8847184986595175,6134.0
Terengganu,Kemaman,0,5.4013251166222656,182.5981055480379,0.32476319350473615,6425.0,8381.0,4.1,5.8,0.378,100.0,0.12810103743797926,0.03337843933243122,0.5245827695083446,0.20505267927948342,1.271100033986632,0.24241566025036887,1.3265678779292676,5.44544343143833,183.56927060854554,0.3107466551575313,7709.0
Terengganu,Kuala Terengganu,0,5.9604897428085515,193.12016503352245,0.31201650335224346,6233.580195977308,7449.539969056214,4.341464672511604,4.415549252191852,0.28947988653945333,98.9117070654977,0.14311500773594638,0.06833419288292936,0.5018050541516246,0.20834685532550143,1.120919062763679,0.2597098655842661,1.3661230796731094,5.993712019648461,194.2379645796957,0.30431529059615864,6882.763033175356
Terengganu,Marang,0,4.799914262780603,183.55555555555554,0.345679012345679,5291.0,6357.0,9.0,11.8,0.325,99.4,0.1390946502057613,0.05843621399176954,0.5094650205761316,0.19717725197177252,0.9194686591946866,0.24670689885321484,1.2072863834439542,4.841822087327094,182.87292817679557,0.3314917127071823,6246.0
Terengganu,Setiu,1,4.119037174812473,236.73170731707316,0.926829268292683,5211.0,6030.0,7.5,6.0,0.275,97.2,0.14471544715447154,0.061788617886178863,0.5089430894308943,0.1471790678659035,0.7195421095666394,0.18302233357626566,0.9956503778602261,4.163559631243574,224.4012441679627,0.8864696734059099,6125.0
